Year,Variable,Unit,Commodity,Primary weight,Loss from primary to retail weight,Retail weight,Loss from retail/institutional to consumer level,Consumer weight,Nonedible share,Edible weight,Other (cooking loss and uneaten food),"Total loss, all levels",Per capita availability (lbs/year),Per capita availability (oz/day),Per capita availability (g/day),Calories per fat gram,Daily fat grams,Calories available daily 
1970,Added fats and oils,Pounds,Butter,5.365702358,0,5.365702358,7,4.990103193,0,4.990103193,35,39.55,3.243567076,0.142183762,4.030838567,9,3.224670854,29.02203768
1971,Added fats and oils,Pounds,Butter,5.145983117,0,5.145983117,7,4.785764299,0,4.785764299,35,39.55,3.110746794,0.136361503,3.865780438,9,3.09262435,27.83361915
1972,Added fats and oils,Pounds,Butter,4.951437855,0,4.951437855,7,4.604837205,0,4.604837205,35,39.55,2.993144183,0.13120632,3.719633579,9,2.975706863,26.78136177
1973,Added fats and oils,Pounds,Butter,4.807294641,0,4.807294641,7,4.470784016,0,4.470784016,35,39.55,2.90600961,0.127386723,3.611349894,9,2.889079915,26.00171923
1974,Added fats and oils,Pounds,Butter,4.460407568,0,4.460407568,7,4.148179038,0,4.148179038,35,39.55,2.696316375,0.11819469,3.350760375,9,2.6806083,24.1254747
1975,Added fats and oils,Pounds,Butter,4.728192876,0,4.728192876,7,4.397219375,0,4.397219375,35,39.55,2.858192594,0.125290634,3.551926835,9,2.841541468,25.57387321
1976,Added fats and oils,Pounds,Butter,4.313202009,0,4.313202009,7,4.011277868,0,4.011277868,35,39.55,2.607330614,0.114293945,3.240176186,9,2.592140949,23.32926854
1977,Added fats and oils,Pounds,Butter,4.294180413,0,4.294180413,7,3.993587784,0,3.993587784,35,39.55,2.59583206,0.113789899,3.225886728,9,2.580709382,23.22638444
1978,Added fats and oils,Pounds,Butter,4.354592628,0,4.354592628,7,4.049771144,0,4.049771144,35,39.55,2.632351243,0.115390739,3.271269768,9,2.617015814,23.55314233
1979,Added fats and oils,Pounds,Butter,4.491231032,0,4.491231032,7,4.17684486,0,4.17684486,35,39.55,2.714949159,0.11901147,3.373915668,9,2.699132535,24.29219281
1980,Added fats and oils,Pounds,Butter,4.4675092,0,4.4675092,7,4.154783556,0,4.154783556,35,39.55,2.700609311,0.118382874,3.356095284,9,2.684876227,24.16388605
1981,Added fats and oils,Pounds,Butter,4.238243914,0,4.238243914,7,3.94156684,0,3.94156684,35,39.55,2.562018446,0.112307658,3.183865948,9,2.547092758,22.92383483
1982,Added fats and oils,Pounds,Butter,4.351327373,0,4.351327373,7,4.046734457,0,4.046734457,35,39.55,2.630377397,0.115304215,3.268816833,9,2.615053467,23.5354812
1983,Added fats and oils,Pounds,Butter,4.906797492,0,4.906797492,7,4.563321668,0,4.563321668,35,39.55,2.966159084,0.130023412,3.686098716,9,2.948878973,26.53991075
1984,Added fats and oils,Pounds,Butter,4.976297663,0,4.976297663,7,4.627956826,0,4.627956826,35,39.55,3.008171937,0.131865071,3.738308836,9,2.990647069,26.91582362
1985,Added fats and oils,Pounds,Butter,4.87209078,0,4.87209078,7,4.531044426,0,4.531044426,35,39.55,2.945178877,0.129103732,3.660026238,9,2.928020991,26.35218892
1986,Added fats and oils,Pounds,Butter,4.83248771,0,4.83248771,7,4.494213571,0,4.494213571,35,39.55,2.921238821,0.128054304,3.630275505,9,2.904220404,26.13798363
1987,Added fats and oils,Pounds,Butter,4.435206998,0,4.435206998,7,4.124742508,0,4.124742508,35,39.55,2.68108263,0.11752691,3.33182913,9,2.665463304,23.98916974
1988,Added fats and oils,Pounds,Butter,4.485595112,0,4.485595112,7,4.171603454,0,4.171603454,35,39.55,2.711542245,0.118862126,3.369681836,9,2.695745469,24.26170922
1989,Added fats and oils,Pounds,Butter,4.430606205,0,4.430606205,7,4.120463771,0,4.120463771,35,39.55,2.678301451,0.117404995,3.328372909,9,2.662698327,23.96428494
1990,Added fats and oils,Pounds,Butter,4.307093854,0,4.307093854,7,4.005597285,0,4.005597285,35,39.55,2.603638235,0.114132087,3.235587601,9,2.588470081,23.29623073
1991,Added fats and oils,Pounds,Butter,4.376594225,0,4.376594225,7,4.07023263,0,4.07023263,35,39.55,2.645651209,0.115973752,3.287797872,9,2.630238298,23.67214468
1992,Added fats and oils,Pounds,Butter,4.324157045,0,4.324157045,7,4.021466052,0,4.021466052,35,39.55,2.613952934,0.114584238,3.248405861,9,2.598724689,23.3885222
1993,Added fats and oils,Pounds,Butter,4.654112313,0,4.654112313,7,4.328324451,0,4.328324451,35,39.55,2.813410893,0.123327601,3.496275819,9,2.797020655,25.1731859
1994,Added fats and oils,Pounds,Butter,4.730370944,0,4.730370944,7,4.399244978,0,4.399244978,35,39.55,2.859509236,0.12534835,3.55356305,9,2.84285044,25.58565396
1995,Added fats and oils,Pounds,Butter,4.610306859,0,4.610306859,7,4.287585379,0,4.287585379,35,39.55,2.786930496,0.122166816,3.463368158,9,2.770694526,24.93625074
1996,Added fats and oils,Pounds,Butter,4.293474099,0,4.293474099,7,3.992930912,0,3.992930912,35,39.55,2.595405093,0.113771182,3.225356129,9,2.580284903,23.22256413
1997,Added fats and oils,Pounds,Butter,4.187137875,0,4.187137875,7,3.894038223,0,3.894038223,35,39.55,2.531124845,0.110953418,3.14547392,9,2.516379136,22.64741222
1998,Added fats and oils,Pounds,Butter,4.337769509,0,4.337769509,7,4.034125644,0,4.034125644,35,39.55,2.622181668,0.11494495,3.258631856,9,2.606905485,23.46214936
1999,Added fats and oils,Pounds,Butter,4.61497379,0,4.61497379,7,4.291925625,0,4.291925625,35,39.55,2.789751656,0.122290484,3.466874063,9,2.773499251,24.96149326
2000,Added fats and oils,Pounds,Butter,4.466170349,0,4.466170349,7,4.153538425,0,4.153538425,35,39.55,2.699799976,0.118347396,3.355089509,9,2.684071607,24.15664447
2001,Added fats and oils,Pounds,Butter,4.343024576,0,4.343024576,7,4.039012855,0,4.039012855,35,39.55,2.625358356,0.115084202,3.262579582,9,2.610063666,23.49057299
2002,Added fats and oils,Pounds,Butter,4.397573535,0,4.397573535,7,4.089743388,0,4.089743388,35,39.55,2.658333202,0.116529675,3.303558011,9,2.642846408,23.78561768
2003,Added fats and oils,Pounds,Butter,4.453272554,0,4.453272554,7,4.141543475,0,4.141543475,35,39.55,2.692003259,0.118005622,3.345400389,9,2.676320311,24.0868828
2004,Added fats and oils,Pounds,Butter,4.494175366,0,4.494175366,7,4.17958309,0,4.17958309,35,39.55,2.716729009,0.119089491,3.376127519,9,2.700902015,24.30811814
2005,Added fats and oils,Pounds,Butter,4.513320574,0,4.513320574,7,4.197388134,0,4.197388134,35,39.55,2.728302287,0.119596813,3.390509838,9,2.71240787,24.41167083
2006,Added fats and oils,Pounds,Butter,4.664971432,0,4.664971432,7,4.338423432,0,4.338423432,35,39.55,2.819975231,0.123615353,3.504433438,9,2.80354675,25.23192075
2007,Added fats and oils,Pounds,Butter,4.683704329,0,4.683704329,7,4.355845026,0,4.355845026,35,39.55,2.831299267,0.124111749,3.518506019,9,2.814804816,25.33324334
2008,Added fats and oils,Pounds,Butter,4.973427441,0,4.973427441,7,4.62528752,0,4.62528752,35,39.55,3.006436888,0.131789014,3.73615266,9,2.988922128,26.90029915
2009,Added fats and oils,Pounds,Butter,4.951093167,0,4.951093167,7,4.604516646,0,4.604516646,35,39.55,2.99293582,0.131197187,3.719374642,9,2.975499713,26.77949742
2010,Added fats and oils,Pounds,Butter,4.91170682,0,4.91170682,7,4.567887342,0,4.567887342,35,39.55,2.969126772,0.130153502,3.689786715,9,2.951829372,26.56646435
2011,Added fats and oils,Pounds,Butter,5.370211583,0,5.370211583,7,4.994296772,0,4.994296772,35,39.55,3.246292902,0.142303251,4.034226,9,3.2273808,29.0464272
2012,Added fats and oils,Pounds,Butter,5.503056816,0,5.503056816,7,5.117842839,0,5.117842839,35,39.55,3.326597845,0.145823467,4.134022383,9,3.307217906,29.76496116
2013,Added fats and oils,Pounds,Butter,5.471512693,0,5.471512693,7,5.088506804,0,5.088506804,35,39.55,3.307529423,0.144987591,4.110325715,9,3.288260572,29.59434515
2014,Added fats and oils,Pounds,Butter,5.497283521,0,5.497283521,7,5.112473674,0,5.112473674,35,39.55,3.323107888,0.145670483,4.129685351,9,3.303748281,29.73373453
2015,Added fats and oils,Pounds,Butter,5.6060147,0,5.6060147,7,5.213593671,0,5.213593671,35,39.55,3.388835886,0.14855171,4.211366705,9,3.369093364,30.32184027
2016,Added fats and oils,Pounds,Butter,5.701418453,0,5.701418453,7,5.302319161,0,5.302319161,35,39.55,3.446507455,0.151079779,4.28303619,9,3.426428952,30.83786057
1970,Added fats and oils,Pounds,Margarine,10.84115249,0,10.84115249,7,10.08227181,0,10.08227181,35,39.55,6.553476679,0.28727569,8.144122175,9,6.51529774,58.63767966
1971,Added fats and oils,Pounds,Margarine,10.91201526,0,10.91201526,7,10.14817419,0,10.14817419,35,39.55,6.596313222,0.289153456,8.19735591,9,6.506807003,58.56126303
1972,Added fats and oils,Pounds,Margarine,11.14361398,0,11.14361398,7,10.363561,0,10.363561,35,39.55,6.736314651,0.295290505,8.371338179,9,6.592746927,59.33472234
1973,Added fats and oils,Pounds,Margarine,11.10854187,0,11.10854187,7,10.33094394,0,10.33094394,35,39.55,6.715113563,0.294361142,8.344991209,9,6.520000046,58.68000042
1974,Added fats and oils,Pounds,Margarine,11.12908807,0,11.12908807,7,10.3500519,0,10.3500519,35,39.55,6.727533738,0.294905589,8.360425982,9,6.479965528,58.31968975
1975,Added fats and oils,Pounds,Margarine,11.05004329,0,11.05004329,7,10.27654026,0,10.27654026,35,39.55,6.67975117,0.29281101,8.301045734,9,6.382217507,57.43995756
1976,Added fats and oils,Pounds,Margarine,11.93661568,0,11.93661568,7,11.10105258,0,11.10105258,35,39.55,7.215684179,0.316303964,8.967059228,9,6.838404906,61.54564415
1977,Added fats and oils,Pounds,Margarine,11.36174792,0,11.36174792,7,10.56642556,0,10.56642556,35,39.55,6.868176617,0.301070756,8.535205392,9,6.455858655,58.10272789
1978,Added fats and oils,Pounds,Margarine,11.26463598,0,11.26463598,7,10.47611146,0,10.47611146,35,39.55,6.809472451,0.298497423,8.462252679,9,6.347975772,57.13178195
1979,Added fats and oils,Pounds,Margarine,11.1829375,0,11.1829375,7,10.40013188,0,10.40013188,35,39.55,6.760085721,0.296332525,8.400878911,9,6.24959024,56.24631216
1980,Added fats and oils,Pounds,Margarine,11.3077119,0,11.3077119,7,10.51617207,0,10.51617207,35,39.55,6.835511843,0.299638875,8.494612296,9,6.266390544,56.3975149
1981,Added fats and oils,Pounds,Margarine,11.11922632,0,11.11922632,7,10.34088048,0,10.34088048,35,39.55,6.721572311,0.294644266,8.35301761,9,6.109889908,54.98900917
1982,Added fats and oils,Pounds,Margarine,11.04129843,0,11.04129843,7,10.26840754,0,10.26840754,35,39.55,6.674464901,0.292579283,8.294476393,9,6.015386526,54.13847873
1983,Added fats and oils,Pounds,Margarine,10.37750046,0,10.37750046,7,9.651075427,0,9.651075427,35,39.55,6.273199027,0.274989546,7.795816146,9,5.605168421,50.44651579
1984,Added fats and oils,Pounds,Margarine,10.39216748,0,10.39216748,7,9.664715758,0,9.664715758,35,39.55,6.282065243,0.275378202,7.80683435,9,5.564446092,50.08001483
1985,Added fats and oils,Pounds,Margarine,10.79156777,0,10.79156777,7,10.03615803,0,10.03615803,35,39.55,6.523502717,0.285961763,8.106872999,9,5.727789514,51.55010563
1986,Added fats and oils,Pounds,Margarine,11.41368205,0,11.41368205,7,10.61472431,0,10.61472431,35,39.55,6.899570802,0.302446939,8.574219504,9,6.004560216,54.04104194
1987,Added fats and oils,Pounds,Margarine,10.50742574,0,10.50742574,7,9.771905941,0,9.771905941,35,39.55,6.351738861,0.278432388,7.893418996,9,5.478609003,49.30748103
1988,Added fats and oils,Pounds,Margarine,10.3182013,0,10.3182013,7,9.595927206,0,9.595927206,35,39.55,6.237352684,0.2734182,7.751269257,9,5.331648548,47.98483693
1989,Added fats and oils,Pounds,Margarine,10.1582213,0,10.1582213,7,9.447145811,0,9.447145811,35,39.55,6.140644777,0.269178949,7.631088618,9,5.201433944,46.8129055
1990,Added fats and oils,Pounds,Margarine,10.85958777,0,10.85958777,7,10.09941662,0,10.09941662,35,39.55,6.564620804,0.2877642,8.157971178,9,5.509730574,49.58757517
1991,Added fats and oils,Pounds,Margarine,10.53879673,0,10.53879673,7,9.801080957,0,9.801080957,35,39.55,6.370702622,0.279263677,7.916985599,9,5.297642997,47.67878697
1992,Added fats and oils,Pounds,Margarine,10.9128333,0,10.9128333,7,10.14893497,0,10.14893497,35,39.55,6.59680773,0.289175133,8.197970443,9,5.434516587,48.91064928
1993,Added fats and oils,Pounds,Margarine,11.02357695,0,11.02357695,7,10.25192656,0,10.25192656,35,39.55,6.663752265,0.292109688,8.281163609,9,5.438132487,48.94319238
1994,Added fats and oils,Pounds,Margarine,9.843979456,0,9.843979456,7,9.154900894,0,9.154900894,35,39.55,5.950685581,0.260851971,7.395022943,9,4.810137043,43.29123339
1995,Added fats and oils,Pounds,Margarine,9.082314604,0,9.082314604,7,8.446552582,0,8.446552582,35,39.55,5.490259178,0.240668895,6.822842853,9,4.395445937,39.55901343
1996,Added fats and oils,Pounds,Margarine,9.019323033,0,9.019323033,7,8.387970421,0,8.387970421,35,39.55,5.452180774,0.238999705,6.775522141,9,4.322783126,38.90504813
1997,Added fats and oils,Pounds,Margarine,8.435210667,0,8.435210667,7,7.844745921,0,7.844745921,35,39.55,5.099084848,0.223521528,6.336723547,9,3.982630749,35.84367674
1998,Added fats and oils,Pounds,Margarine,8.17505719,0,8.17505719,7,7.602803187,0,7.602803187,35,39.55,4.941822071,0.216627817,6.141290293,9,3.801458691,34.21312822
1999,Added fats and oils,Pounds,Margarine,7.892959667,0,7.892959667,7,7.34045249,0,7.34045249,35,39.55,4.771294118,0.209152619,5.929372169,9,3.613952337,32.52557103
2000,Added fats and oils,Pounds,Margarine,8.212756601,0,8.212756601,7,7.637863639,0,7.637863639,35,39.55,4.964611365,0.2176268,6.169610955,9,3.701766573,33.31589916
2001,Added fats and oils,Pounds,Margarine,6.971396071,0,6.971396071,7,6.483398346,0,6.483398346,35,39.55,4.214208925,0.184732446,5.237072479,9,3.142243487,28.28019138
2002,Added fats and oils,Pounds,Margarine,6.5138633,0,6.5138633,7,6.057892869,0,6.057892869,35,39.55,3.937630365,0.172608454,4.893363377,9,2.936018026,26.42416224
2003,Added fats and oils,Pounds,Margarine,5.253299981,0,5.253299981,7,4.885568982,0,4.885568982,35,39.55,3.175619838,0.139205253,3.946399325,9,2.367839595,21.31055636
2004,Added fats and oils,Pounds,Margarine,5.232951286,0,5.232951286,7,4.866644696,0,4.866644696,35,39.55,3.163319052,0.138666041,3.931112919,9,2.358667752,21.22800976
2005,Added fats and oils,Pounds,Margarine,4.006009605,0,4.006009605,7,3.725588932,0,3.725588932,35,39.55,2.421632806,0.106153767,3.009406213,9,1.805643728,16.25079355
2006,Added fats and oils,Pounds,Margarine,4.57152343,0,4.57152343,7,4.25151679,0,4.25151679,35,39.55,2.763485914,0.121139109,3.434233158,9,2.060539895,18.54485905
2007,Added fats and oils,Pounds,Margarine,4.519877302,0,4.519877302,7,4.203485891,0,4.203485891,35,39.55,2.732265829,0.119770557,3.395435403,9,2.037261242,18.33535118
2008,Added fats and oils,Pounds,Margarine,4.187891849,0,4.187891849,7,3.89473942,0,3.89473942,35,39.55,2.531580623,0.110973397,3.146040323,9,1.887624194,16.98861774
2009,Added fats and oils,Pounds,Margarine,3.655083773,0,3.655083773,7,3.399227909,0,3.399227909,35,39.55,2.209498141,0.096854713,2.745782687,9,1.647469612,14.82722651
2010,Added fats and oils,Pounds,Margarine,3.537767146,0,3.537767146,7,3.290123446,0,3.290123446,35,39.55,2.13858024,0.093745983,2.657651748,9,1.594591049,14.35131944
1970,Added fats and oils,Pounds,Lard,4.475186782,0,4.475186782,50,2.237593391,0,2.237593391,35,67.5,1.454435704,0.063756086,1.80745315,9,1.80745315,16.26707835
1971,Added fats and oils,Pounds,Lard,4.052518287,0,4.052518287,50,2.026259144,0,2.026259144,35,67.5,1.317068443,0.057734507,1.636744409,9,1.636744409,14.73069968
1972,Added fats and oils,Pounds,Lard,3.452452643,0,3.452452643,50,1.726226322,0,1.726226322,35,67.5,1.122047109,0.049185627,1.394387924,9,1.394387924,12.54949132
1973,Added fats and oils,Pounds,Lard,3.220509747,0,3.220509747,50,1.610254874,0,1.610254874,35,67.5,1.046665668,0.045881235,1.300710065,9,1.300710065,11.70639058
1974,Added fats and oils,Pounds,Lard,3.020546728,0,3.020546728,50,1.510273364,0,1.510273364,35,67.5,0.981677687,0.043032447,1.219948343,9,1.219948343,10.97953509
1975,Added fats and oils,Pounds,Lard,3.032360527,0,3.032360527,50,1.516180263,0,1.516180263,35,67.5,0.985517171,0.043200753,1.224719739,9,1.224719739,11.02247765
1976,Added fats and oils,Pounds,Lard,2.735803885,0,2.735803885,50,1.367901942,0,1.367901942,35,67.5,0.889136263,0.038975836,1.104945467,9,1.104945467,9.944509206
1977,Added fats and oils,Pounds,Lard,2.327707627,0,2.327707627,50,1.163853813,0,1.163853813,35,67.5,0.756504979,0.033161862,0.940122209,9,0.940122209,8.461099881
1978,Added fats and oils,Pounds,Lard,2.180250241,0,2.180250241,50,1.090125121,0,1.090125121,35,67.5,0.708581328,0.031061099,0.880566635,9,0.880566635,7.925099719
1979,Added fats and oils,Pounds,Lard,2.281006865,0,2.281006865,50,1.140503432,0,1.140503432,35,67.5,0.741327231,0.032496536,0.921260552,9,0.921260552,8.291344966
1980,Added fats and oils,Pounds,Lard,2.342718881,0,2.342718881,50,1.171359441,0,1.171359441,35,67.5,0.761383636,0.033375721,0.946185004,9,0.946185004,8.515665035
1981,Added fats and oils,Pounds,Lard,2.220793509,0,2.220793509,50,1.110396754,0,1.110396754,35,67.5,0.72175789,0.031638702,0.896941383,9,0.896941383,8.072472451
1982,Added fats and oils,Pounds,Lard,2.309021138,0,2.309021138,50,1.154510569,0,1.154510569,35,67.5,0.75043187,0.032895644,0.932575049,9,0.932575049,8.393175437
1983,Added fats and oils,Pounds,Lard,1.71136159,0,1.71136159,50,0.855680795,0,0.855680795,35,67.5,0.556192517,0.024381042,0.691190345,9,0.691190345,6.220713107
1984,Added fats and oils,Pounds,Lard,1.870237954,0,1.870237954,50,0.935118977,0,0.935118977,35,67.5,0.607827335,0.026644486,0.755357854,9,0.755357854,6.798220683
1985,Added fats and oils,Pounds,Lard,1.58165944,0,1.58165944,50,0.79082972,0,0.79082972,35,67.5,0.514039318,0.02253323,0.638805815,9,0.638805815,5.749252331
1986,Added fats and oils,Pounds,Lard,1.533473786,0,1.533473786,50,0.766736893,0,0.766736893,35,67.5,0.49837898,0.02184675,0.619344434,9,0.619344434,5.574099907
1987,Added fats and oils,Pounds,Lard,1.560081383,0,1.560081383,50,0.780040691,0,0.780040691,35,67.5,0.507026449,0.022225817,0.630090798,9,0.630090798,5.67081718
1988,Added fats and oils,Pounds,Lard,1.487896956,0,1.487896956,50,0.743948478,0,0.743948478,35,67.5,0.483566511,0.021197436,0.600936714,9,0.600936714,5.408430428
1989,Added fats and oils,Pounds,Lard,1.187450323,0,1.187450323,50,0.593725161,0,0.593725161,35,67.5,0.385921355,0.0169171,0.47959134,9,0.47959134,4.316322064
1990,Added fats and oils,Pounds,Lard,0.900394692,0,0.900394692,50,0.450197346,0,0.450197346,35,67.5,0.292628275,0.012827541,0.363654368,9,0.363654368,3.272889314
1991,Added fats and oils,Pounds,Lard,0.689293176,0,0.689293176,50,0.344646588,0,0.344646588,35,67.5,0.224020282,0.009820067,0.278393994,9,0.278393994,2.505545946
1992,Added fats and oils,Pounds,Lard,0.407504593,0,0.407504593,50,0.203752297,0,0.203752297,35,67.5,0.132438993,0.005805545,0.164584295,9,0.164584295,1.481258654
1993,Added fats and oils,Pounds,Lard,0.364792784,0,0.364792784,50,0.182396392,0,0.182396392,35,67.5,0.118557655,0.005197048,0.147333709,9,0.147333709,1.32600338
1994,Added fats and oils,Pounds,Lard,0.687307175,0,0.687307175,50,0.343653587,0,0.343653587,35,67.5,0.223374832,0.009791773,0.277591881,9,0.277591881,2.498326932
1995,Added fats and oils,Pounds,Lard,0.389089132,0,0.389089132,50,0.194544566,0,0.194544566,35,67.5,0.126453968,0.005543188,0.157146598,9,0.157146598,1.414319382
1996,Added fats and oils,Pounds,Lard,0.556036035,0,0.556036035,50,0.278018017,0,0.278018017,35,67.5,0.180711711,0.007921609,0.224573662,9,0.224573662,2.021162956
1997,Added fats and oils,Pounds,Lard,0.761336814,0,0.761336814,50,0.380668407,0,0.380668407,35,67.5,0.247434465,0.010846442,0.307491215,9,0.307491215,2.767420939
1998,Added fats and oils,Pounds,Lard,0.702846271,0,0.702846271,50,0.351423136,0,0.351423136,35,67.5,0.228425038,0.010013152,0.283867863,9,0.283867863,2.554810765
1999,Added fats and oils,Pounds,Lard,0.664199164,0,0.664199164,50,0.332099582,0,0.332099582,35,67.5,0.215864728,0.009462563,0.268258942,9,0.268258942,2.414330477
2000,Added fats and oils,Pounds,Lard,0.782709958,0,0.782709958,50,0.391354979,0,0.391354979,35,67.5,0.254380736,0.011150936,0.316123471,9,0.316123471,2.84511124
2001,Added fats and oils,Pounds,Lard,1.140777266,0,1.140777266,50,0.570388633,0,0.570388633,35,67.5,0.370752612,0.016252169,0.460740873,9,0.460740873,4.146667855
2002,Added fats and oils,Pounds,Lard,1.285356397,0,1.285356397,50,0.642678199,0,0.642678199,35,67.5,0.417740829,0.018311927,0.519133967,9,0.519133967,4.672205707
2003,Added fats and oils,Pounds,Lard,1.267168967,0,1.267168967,50,0.633584484,0,0.633584484,35,67.5,0.411829914,0.018052818,0.511788368,9,0.511788368,4.606095316
2004,Added fats and oils,Pounds,Lard,0.750313587,0,0.750313587,50,0.375156794,0,0.375156794,35,67.5,0.243851916,0.010689399,0.303039118,9,0.303039118,2.727352066
2005,Added fats and oils,Pounds,Lard,1.552208194,0,1.552208194,50,0.776104097,0,0.776104097,35,67.5,0.504467663,0.022113651,0.626910949,9,0.626910949,5.642198538
2006,Added fats and oils,Pounds,Lard,1.6676596,0,1.6676596,50,0.8338298,0,0.8338298,35,67.5,0.54198937,0.023758438,0.673539842,9,0.673539842,6.061858579
2007,Added fats and oils,Pounds,Lard,1.611610841,0,1.611610841,50,0.805805421,0,0.805805421,35,67.5,0.523773523,0.022959935,0.650902685,9,0.650902685,5.858124165
2008,Added fats and oils,Pounds,Lard,1.041457613,0,1.041457613,50,0.520728806,0,0.520728806,35,67.5,0.338473724,0.014837204,0.420627325,9,0.420627325,3.785645922
2009,Added fats and oils,Pounds,Lard,1.456134842,0,1.456134842,50,0.728067421,0,0.728067421,35,67.5,0.473243824,0.020744935,0.588108527,9,0.588108527,5.292976745
2010,Added fats and oils,Pounds,Lard,1.548789168,0,1.548789168,50,0.774394584,0,0.774394584,35,67.5,0.50335648,0.022064942,0.625530061,9,0.625530061,5.62977055
1970,Added fats and oils,Pounds,Edible beef tallow,,,,,,,,,,,,,,,
1971,Added fats and oils,Pounds,Edible beef tallow,,,,,,,,,,,,,,,
1972,Added fats and oils,Pounds,Edible beef tallow,,,,,,,,,,,,,,,
1973,Added fats and oils,Pounds,Edible beef tallow,,,,,,,,,,,,,,,
1974,Added fats and oils,Pounds,Edible beef tallow,,,,,,,,,,,,,,,
1975,Added fats and oils,Pounds,Edible beef tallow,,,,,,,,,,,,,,,
1976,Added fats and oils,Pounds,Edible beef tallow,,,,,,,,,,,,,,,
1977,Added fats and oils,Pounds,Edible beef tallow,,,,,,,,,,,,,,,
1978,Added fats and oils,Pounds,Edible beef tallow,,,,,,,,,,,,,,,
1979,Added fats and oils,Pounds,Edible beef tallow,0.387905179,0,0.387905179,50,0.193952589,0,0.193952589,35,67.5,0.126069183,0.00552632,0.156668419,9,0.156668419,1.41001577
1980,Added fats and oils,Pounds,Edible beef tallow,1.056532851,0,1.056532851,50,0.528266425,0,0.528266425,35,67.5,0.343373177,0.015051975,0.426715961,9,0.426715961,3.840443652
1981,Added fats and oils,Pounds,Edible beef tallow,0.972317647,0,0.972317647,50,0.486158823,0,0.486158823,35,67.5,0.316003235,0.013852197,0.392702848,9,0.392702848,3.534325631
1982,Added fats and oils,Pounds,Edible beef tallow,1.346370183,0,1.346370183,50,0.673185091,0,0.673185091,35,67.5,0.437570309,0.019181164,0.543776416,9,0.543776416,4.893987743
1983,Added fats and oils,Pounds,Edible beef tallow,2.138241709,0,2.138241709,50,1.069120854,0,1.069120854,35,67.5,0.694928555,0.030462622,0.863600091,9,0.863600091,7.77240082
1984,Added fats and oils,Pounds,Edible beef tallow,1.769111649,0,1.769111649,50,0.884555824,0,0.884555824,35,67.5,0.574961286,0.025203782,0.714514629,9,0.714514629,6.430631661
1985,Added fats and oils,Pounds,Edible beef tallow,1.994548489,0,1.994548489,50,0.997274245,0,0.997274245,35,67.5,0.648228259,0.028415485,0.805564801,9,0.805564801,7.250083211
1986,Added fats and oils,Pounds,Edible beef tallow,1.842464814,0,1.842464814,50,0.921232407,0,0.921232407,35,67.5,0.598801065,0.026248814,0.744140747,9,0.744140747,6.697266719
1987,Added fats and oils,Pounds,Edible beef tallow,0.950416797,0,0.950416797,50,0.475208399,0,0.475208399,35,67.5,0.308885459,0.013540185,0.383857461,9,0.383857461,3.454717146
1988,Added fats and oils,Pounds,Edible beef tallow,0.857289783,0,0.857289783,50,0.428644892,0,0.428644892,35,67.5,0.27861918,0.012213443,0.346245016,9,0.346245016,3.116205146
1989,Added fats and oils,Pounds,Edible beef tallow,0.274801247,0,0.274801247,50,0.137400623,0,0.137400623,35,67.5,0.089310405,0.003914977,0.110987631,9,0.110987631,0.99888868
1990,Added fats and oils,Pounds,Edible beef tallow,0.616668844,0,0.616668844,50,0.308334422,0,0.308334422,35,67.5,0.200417374,0.008785419,0.24906224,9,0.24906224,2.241560162
1991,Added fats and oils,Pounds,Edible beef tallow,1.447252892,0,1.447252892,50,0.723626446,0,0.723626446,35,67.5,0.47035719,0.020618397,0.584521256,9,0.584521256,5.260691306
1992,Added fats and oils,Pounds,Edible beef tallow,2.382100372,0,2.382100372,50,1.191050186,0,1.191050186,35,67.5,0.774182621,0.033936772,0.96209053,9,0.96209053,8.658814769
1993,Added fats and oils,Pounds,Edible beef tallow,2.188507364,0,2.188507364,50,1.094253682,0,1.094253682,35,67.5,0.711264893,0.031178735,0.883901549,9,0.883901549,7.955113943
1994,Added fats and oils,Pounds,Edible beef tallow,2.426304943,0,2.426304943,50,1.213152472,0,1.213152472,35,67.5,0.788549107,0.034566536,0.979944017,9,0.979944017,8.819496156
1995,Added fats and oils,Pounds,Edible beef tallow,2.689198051,0,2.689198051,50,1.344599026,0,1.344599026,35,67.5,0.873989367,0.038311863,1.08612215,9,1.08612215,9.775099352
1996,Added fats and oils,Pounds,Edible beef tallow,2.908793011,0,2.908793011,50,1.454396506,0,1.454396506,35,67.5,0.945357729,0.041440339,1.174812885,9,1.174812885,10.57331596
1997,Added fats and oils,Pounds,Edible beef tallow,2.141648014,0,2.141648014,50,1.070824007,0,1.070824007,35,67.5,0.696035605,0.03051115,0.864975841,9,0.864975841,7.78478257
1998,Added fats and oils,Pounds,Edible beef tallow,3.144844223,0,3.144844223,50,1.572422112,0,1.572422112,35,67.5,1.022074373,0.04480326,1.270150024,9,1.270150024,11.43135022
1999,Added fats and oils,Pounds,Edible beef tallow,3.567242358,0,3.567242358,50,1.783621179,0,1.783621179,35,67.5,1.159353766,0.050820987,1.440749572,9,1.440749572,12.96674614
2000,Added fats and oils,Pounds,Edible beef tallow,3.984256887,0,3.984256887,50,1.992128444,0,1.992128444,35,67.5,1.294883488,0.056762016,1.609174771,9,1.609174771,14.48257294
2001,Added fats and oils,Pounds,Edible beef tallow,3.044733731,0,3.044733731,50,1.522366865,0,1.522366865,35,67.5,0.989538463,0.043377028,1.229717069,9,1.229717069,11.06745362
2002,Added fats and oils,Pounds,Edible beef tallow,3.379291753,0,3.379291753,50,1.689645876,0,1.689645876,35,67.5,1.09826982,0.048143335,1.364839463,9,1.364839463,12.28355517
2003,Added fats and oils,Pounds,Edible beef tallow,3.808658522,0,3.808658522,50,1.904329261,0,1.904329261,35,67.5,1.23781402,0.054260341,1.538253526,9,1.538253526,13.84428173
2004,Added fats and oils,Pounds,Edible beef tallow,3.963965548,0,3.963965548,50,1.981982774,0,1.981982774,35,67.5,1.288288803,0.056472934,1.600979438,9,1.600979438,14.40881494
2005,Added fats and oils,Pounds,Edible beef tallow,3.767137088,0,3.767137088,50,1.883568544,0,1.883568544,35,67.5,1.224319554,0.053668802,1.521483712,9,1.521483712,13.69335341
2006,Added fats and oils,Pounds,Edible beef tallow,3.8811648,0,3.8811648,50,1.9405824,0,1.9405824,35,67.5,1.26137856,0.055293307,1.567537599,9,1.567537599,14.1078384
2007,Added fats and oils,Pounds,Edible beef tallow,2.945150526,0,2.945150526,50,1.472575263,0,1.472575263,35,67.5,0.957173921,0.041958309,1.189497077,9,1.189497077,10.7054737
2008,Added fats and oils,Pounds,Edible beef tallow,2.940509857,0,2.940509857,50,1.470254928,0,1.470254928,35,67.5,0.955665704,0.041892195,1.187622788,9,1.187622788,10.6886051
2009,Added fats and oils,Pounds,Edible beef tallow,0.68818014,0,0.68818014,50,0.34409007,0,0.34409007,35,67.5,0.223658545,0.00980421,0.277944457,9,0.277944457,2.501500115
2010,Added fats and oils,Pounds,Edible beef tallow,3.28471307,0,3.28471307,50,1.642356535,0,1.642356535,35,67.5,1.067531748,0.046795912,1.326640714,9,1.326640714,11.93976643
1970,Added fats and oils,Pounds,Shortening,17.34584398,0,17.34584398,21,13.70321675,0,13.70321675,35,48.65,8.907090884,0.39044782,11.06900046,9,11.06900046,99.62100415
1971,Added fats and oils,Pounds,Shortening,16.80286621,0,16.80286621,21,13.27426431,0,13.27426431,35,48.65,8.628271799,0.378225613,10.72250702,9,10.72250702,96.50256317
1972,Added fats and oils,Pounds,Shortening,17.61967832,0,17.61967832,21,13.91954587,0,13.91954587,35,48.65,9.047704816,0.396611718,11.2437439,9,11.2437439,101.1936951
1973,Added fats and oils,Pounds,Shortening,17.05307467,0,17.05307467,21,13.47192899,0,13.47192899,35,48.65,8.756753842,0.383857703,10.88217394,9,10.88217394,97.93956548
1974,Added fats and oils,Pounds,Shortening,16.93912669,0,16.93912669,21,13.38191009,0,13.38191009,35,48.65,8.698241557,0.381292781,10.80945968,9,10.80945968,97.28513715
1975,Added fats and oils,Pounds,Shortening,16.86712691,0,16.86712691,21,13.32503026,0,13.32503026,35,48.65,8.661269668,0.379672095,10.76351406,9,10.76351406,96.87162652
1976,Added fats and oils,Pounds,Shortening,17.48500011,0,17.48500011,21,13.81315009,0,13.81315009,35,48.65,8.978547559,0.393580167,11.15780094,9,11.15780094,100.4202085
1977,Added fats and oils,Pounds,Shortening,16.45890601,0,16.45890601,21,13.00253575,0,13.00253575,35,48.65,8.451648234,0.37048321,10.50301377,9,10.50301377,94.52712393
1978,Added fats and oils,Pounds,Shortening,17.11782016,0,17.11782016,21,13.52307793,0,13.52307793,35,48.65,8.790000651,0.385315097,10.92349034,9,10.92349034,98.31141309
1979,Added fats and oils,Pounds,Shortening,17.67896736,0,17.67896736,21,13.96638422,0,13.96638422,35,48.65,9.078149741,0.39794629,11.28157835,9,11.28157835,101.5342051
1980,Added fats and oils,Pounds,Shortening,16.88631952,0,16.88631952,21,13.34019242,0,13.34019242,35,48.65,8.671125076,0.380104113,10.77576155,9,10.77576155,96.98185394
1981,Added fats and oils,Pounds,Shortening,16.67079481,0,16.67079481,21,13.1699279,0,13.1699279,35,48.65,8.560453137,0.37525274,10.63822756,9,10.63822756,95.74404803
1982,Added fats and oils,Pounds,Shortening,16.6463297,0,16.6463297,21,13.15060046,0,13.15060046,35,48.65,8.5478903,0.374702041,10.6226155,9,10.6226155,95.60353949
1983,Added fats and oils,Pounds,Shortening,16.40466567,0,16.40466567,21,12.95968588,0,12.95968588,35,48.65,8.423795823,0.369262283,10.46840108,9,10.46840108,94.21560974
1984,Added fats and oils,Pounds,Shortening,20.06723137,0,20.06723137,21,15.85311278,0,15.85311278,35,48.65,10.30452331,0.451705131,12.80561462,9,12.80561462,115.2505316
1985,Added fats and oils,Pounds,Shortening,22.10875345,0,22.10875345,21,17.46591522,0,17.46591522,35,48.65,11.3528449,0.497658954,14.10838253,9,14.10838253,126.9754427
1986,Added fats and oils,Pounds,Shortening,21.33644572,0,21.33644572,21,16.85579212,0,16.85579212,35,48.65,10.95626488,0.480274625,13.61554548,9,13.61554548,122.5399093
1987,Added fats and oils,Pounds,Shortening,20.84557091,0,20.84557091,21,16.46800102,0,16.46800102,35,48.65,10.70420066,0.469225235,13.30230079,9,13.30230079,119.7207071
1988,Added fats and oils,Pounds,Shortening,20.68072941,0,20.68072941,21,16.33777623,0,16.33777623,35,48.65,10.61955455,0.46551472,13.19710956,9,13.19710956,118.773986
1989,Added fats and oils,Pounds,Shortening,20.48127289,0,20.48127289,21,16.18020559,0,16.18020559,35,48.65,10.51713363,0.461025036,13.06982925,9,13.06982925,117.6284633
1990,Added fats and oils,Pounds,Shortening,20.60729535,0,20.60729535,21,16.27976332,0,16.27976332,35,48.65,10.58184616,0.46386175,13.15024867,9,13.15024867,118.352238
1991,Added fats and oils,Pounds,Shortening,20.20962315,0,20.20962315,21,15.96560228,0,15.96560228,35,48.65,10.37764149,0.454910312,12.89647988,9,12.89647988,116.0683189
1992,Added fats and oils,Pounds,Shortening,20.56834336,0,20.56834336,21,16.24899126,0,16.24899126,35,48.65,10.56184432,0.462984956,13.12539202,9,13.12539202,118.1285282
1993,Added fats and oils,Pounds,Shortening,24.05618336,0,24.05618336,21,19.00438485,0,19.00438485,35,48.65,12.35285015,0.541494801,15.35110687,9,15.35110687,138.1599618
1994,Added fats and oils,Pounds,Shortening,23.63273812,0,23.63273812,21,18.66986312,0,18.66986312,35,48.65,12.13541103,0.531963223,15.08089139,9,15.08089139,135.7280225
1995,Added fats and oils,Pounds,Shortening,22.16255435,0,22.16255435,21,17.50841794,0,17.50841794,35,48.65,11.38047166,0.498869991,14.1427148,9,14.1427148,127.2844332
1996,Added fats and oils,Pounds,Shortening,21.88094947,0,21.88094947,21,17.28595008,0,17.28595008,35,48.65,11.23586755,0.49253118,13.9630127,9,13.9630127,125.6671143
1997,Added fats and oils,Pounds,Shortening,20.46613927,0,20.46613927,21,16.16825002,0,16.16825002,35,48.65,10.50936251,0.460684384,13.06017195,9,13.06017195,117.5415475
1998,Added fats and oils,Pounds,Shortening,20.4385564,0,20.4385564,21,16.14645955,0,16.14645955,35,48.65,10.49519871,0.460063505,13.04257034,9,13.04257034,117.383133
1999,Added fats and oils,Pounds,Shortening,20.98484698,0,20.98484698,21,16.57802912,0,16.57802912,35,48.65,10.77571893,0.472360282,13.39117781,9,13.39117781,120.5206003
2000,Added fats and oils,Pounds,Shortening,31.54652227,0,31.54652227,21,24.9217526,0,24.9217526,35,48.65,16.19913919,0.710099252,20.13095875,9,20.13095875,181.1786287
2001,Added fats and oils,Pounds,Shortening,32.4533575,0,32.4533575,21,25.63815242,0,25.63815242,35,48.65,16.66479907,0.73051174,20.70964258,9,20.70964258,186.3867832
2002,Added fats and oils,Pounds,Shortening,32.79694408,0,32.79694408,21,25.90958582,0,25.90958582,35,48.65,16.84123078,0.738245733,20.92889741,9,20.92889741,188.3600767
2003,Added fats and oils,Pounds,Shortening,32.51438943,0,32.51438943,21,25.68636765,0,25.68636765,35,48.65,16.69613897,0.731885544,20.74858923,9,20.74858923,186.737303
2004,Added fats and oils,Pounds,Shortening,32.47875098,0,32.47875098,21,25.65821328,0,25.65821328,35,48.65,16.67783863,0.731083337,20.72584707,9,20.72584707,186.5326236
2005,Added fats and oils,Pounds,Shortening,28.98829223,0,28.98829223,21,22.90075086,0,22.90075086,35,48.65,14.88548806,0.652514545,18.4984611,9,18.4984611,166.4861499
2006,Added fats and oils,Pounds,Shortening,24.83776459,0,24.83776459,21,19.62183403,0,19.62183403,35,48.65,12.75419212,0.559087874,15.84986167,9,15.84986167,142.6487551
2007,Added fats and oils,Pounds,Shortening,20.94927948,0,20.94927948,21,16.54993079,0,16.54993079,35,48.65,10.75745501,0.471559672,13.36848092,9,13.36848092,120.3163283
2008,Added fats and oils,Pounds,Shortening,18.00620631,0,18.00620631,21,14.22490298,0,14.22490298,35,48.65,9.246186939,0.405312304,11.49040117,9,11.49040117,103.4136105
2009,Added fats and oils,Pounds,Shortening,15.92410416,0,15.92410416,21,12.58004228,0,12.58004228,35,48.65,8.177027485,0.35844504,10.16173767,9,10.16173767,91.45563907
2010,Added fats and oils,Pounds,Shortening,15.32274137,0,15.32274137,21,12.10496568,0,12.10496568,35,48.65,7.868227694,0.344908611,9.777986674,9,9.777986674,88.00188007
1970,Added fats and oils,Pounds,Salad and cooking oils,15.37809434,0,15.37809434,21,12.14869453,0,12.14869453,15,32.85,10.32639035,0.452663686,12.83278918,9,12.83278918,115.4951026
1971,Added fats and oils,Pounds,Salad and cooking oils,15.60804388,0,15.60804388,21,12.33035466,0,12.33035466,15,32.85,10.48080146,0.459432393,13.02467862,9,13.02467862,117.2221076
1972,Added fats and oils,Pounds,Salad and cooking oils,16.82122099,0,16.82122099,21,13.28876458,0,13.28876458,15,32.85,11.29544989,0.495143009,14.03705673,9,14.03705673,126.3335106
1973,Added fats and oils,Pounds,Salad and cooking oils,17.6789235,0,17.6789235,21,13.96634957,0,13.96634957,15,32.85,11.87139713,0.520390011,14.75279662,9,14.75279662,132.7751696
1974,Added fats and oils,Pounds,Salad and cooking oils,18.05883921,0,18.05883921,21,14.26648297,0,14.26648297,15,32.85,12.12651053,0.531573064,15.06983058,9,15.06983058,135.6284753
1975,Added fats and oils,Pounds,Salad and cooking oils,17.87171545,0,17.87171545,21,14.1186552,0,14.1186552,15,32.85,12.00085692,0.526064961,14.91367861,9,14.91367861,134.2231075
1976,Added fats and oils,Pounds,Salad and cooking oils,19.46367785,0,19.46367785,21,15.3763055,0,15.3763055,15,32.85,13.06985968,0.572925356,16.24214737,9,16.24214737,146.1793263
1977,Added fats and oils,Pounds,Salad and cooking oils,19.12895536,0,19.12895536,21,15.11187474,0,15.11187474,15,32.85,12.84509353,0.563072593,15.96282647,9,15.96282647,143.6654383
1978,Added fats and oils,Pounds,Salad and cooking oils,20.04989555,0,20.04989555,21,15.83941748,0,15.83941748,15,32.85,13.46350486,0.590181035,16.73133725,9,16.73133725,150.5820352
1979,Added fats and oils,Pounds,Salad and cooking oils,20.76268468,0,20.76268468,21,16.40252089,0,16.40252089,15,32.85,13.94214276,0.611162422,17.32614909,9,17.32614909,155.9353418
1980,Added fats and oils,Pounds,Salad and cooking oils,21.23609952,0,21.23609952,21,16.77651862,0,16.77651862,15,32.85,14.26004083,0.62509768,17.72120669,9,17.72120669,159.4908602
1981,Added fats and oils,Pounds,Salad and cooking oils,21.68277484,0,21.68277484,21,17.12939213,0,17.12939213,15,32.85,14.55998331,0.638245844,18.09395054,9,18.09395054,162.8455549
1982,Added fats and oils,Pounds,Salad and cooking oils,21.44798181,0,21.44798181,21,16.94390563,0,16.94390563,15,32.85,14.40231978,0.631334566,17.89801928,9,17.89801928,161.0821735
1983,Added fats and oils,Pounds,Salad and cooking oils,23.58632905,0,23.58632905,21,18.63319995,0,18.63319995,15,32.85,15.83821996,0.694278135,19.68243799,9,19.68243799,177.1419419
1984,Added fats and oils,Pounds,Salad and cooking oils,22.52912231,0,22.52912231,21,17.79800663,0,17.79800663,15,32.85,15.12830563,0.663158603,18.80021482,9,18.80021482,169.2019334
1985,Added fats and oils,Pounds,Salad and cooking oils,23.91060361,0,23.91060361,21,18.88937685,0,18.88937685,15,32.85,16.05597032,0.703823357,19.95304025,9,19.95304025,179.5773622
1986,Added fats and oils,Pounds,Salad and cooking oils,25.0046956,0,25.0046956,21,19.75370952,0,19.75370952,15,32.85,16.79065309,0.736028629,20.86604361,9,20.86604361,187.7943925
1987,Added fats and oils,Pounds,Salad and cooking oils,26.47786692,0,26.47786692,21,20.91751487,0,20.91751487,15,32.85,17.77988764,0.779392335,22.095383,9,22.095383,198.858447
1988,Added fats and oils,Pounds,Salad and cooking oils,27.56457202,0,27.56457202,21,21.77601189,0,21.77601189,15,32.85,18.50961011,0.811380169,23.00222211,9,23.00222211,207.019999
1989,Added fats and oils,Pounds,Salad and cooking oils,25.59654244,0,25.59654244,21,20.22126853,0,20.22126853,15,32.85,17.18807825,0.753450005,21.35993093,9,21.35993093,192.2393783
1990,Added fats and oils,Pounds,Salad and cooking oils,25.13926891,0,25.13926891,21,19.86002244,0,19.86002244,15,32.85,16.88101907,0.739989877,20.97834302,9,20.97834302,188.8050872
1991,Added fats and oils,Pounds,Salad and cooking oils,26.2887503,0,26.2887503,21,20.76811273,0,20.76811273,15,32.85,17.65289582,0.77382557,21.93756801,9,21.93756801,197.4381121
1992,Added fats and oils,Pounds,Salad and cooking oils,27.03811799,0,27.03811799,21,21.36011321,0,21.36011321,15,32.85,18.15609623,0.79588367,22.56290411,9,22.56290411,203.066137
1993,Added fats and oils,Pounds,Salad and cooking oils,26.53961505,0,26.53961505,21,20.96629589,0,20.96629589,15,32.85,17.82135151,0.781209929,22.14691089,9,22.14691089,199.322198
1994,Added fats and oils,Pounds,Salad and cooking oils,25.98294633,0,25.98294633,21,20.5265276,0,20.5265276,15,32.85,17.44754846,0.764824042,21.68237918,9,21.68237918,195.1414126
1995,Added fats and oils,Pounds,Salad and cooking oils,26.47471873,0,26.47471873,21,20.9150278,0,20.9150278,15,32.85,17.77777363,0.779299666,22.09275588,9,22.09275588,198.8348029
1996,Added fats and oils,Pounds,Salad and cooking oils,25.67439615,0,25.67439615,21,20.28277296,0,20.28277296,15,32.85,17.24035701,0.755741677,21.42489868,9,21.42489868,192.8240881
1997,Added fats and oils,Pounds,Salad and cooking oils,28.03715867,0,28.03715867,21,22.14935535,0,22.14935535,15,32.85,18.82695205,0.825291049,23.39658859,9,23.39658859,210.5692973
1998,Added fats and oils,Pounds,Salad and cooking oils,27.2773904,0,27.2773904,21,21.54913842,0,21.54913842,15,32.85,18.31676765,0.802926801,22.76257335,9,22.76257335,204.8631602
1999,Added fats and oils,Pounds,Salad and cooking oils,28.7505652,0,28.7505652,21,22.71294651,0,22.71294651,15,32.85,19.30600453,0.84629061,23.99191564,9,23.99191564,215.9272408
2000,Added fats and oils,Pounds,Salad and cooking oils,33.71836977,0,33.71836977,21,26.63751212,0,26.63751212,15,32.85,22.6418853,0.992520999,28.13747407,9,28.13747407,253.2372667
2001,Added fats and oils,Pounds,Salad and cooking oils,35.55492383,0,35.55492383,21,28.08838983,0,28.08838983,15,32.85,23.87513135,1.0465811,29.67005091,9,29.67005091,267.0304582
2002,Added fats and oils,Pounds,Salad and cooking oils,39.67342808,0,39.67342808,21,31.34200818,0,31.34200818,15,32.85,26.64070695,1.167811812,33.10688095,9,33.10688095,297.9619286
2003,Added fats and oils,Pounds,Salad and cooking oils,40.17182329,0,40.17182329,21,31.7357404,0,31.7357404,15,32.85,26.97537934,1.182482382,33.52278429,9,33.52278429,301.7050586
2004,Added fats and oils,Pounds,Salad and cooking oils,39.95095161,0,39.95095161,21,31.56125177,0,31.56125177,15,32.85,26.827064,1.175980888,33.33847018,9,33.33847018,300.0462316
2005,Added fats and oils,Pounds,Salad and cooking oils,42.73451417,0,42.73451417,21,33.76026619,0,33.76026619,15,32.85,28.69622626,1.257916768,35.6613114,9,35.6613114,320.9518026
2006,Added fats and oils,Pounds,Salad and cooking oils,44.55723711,0,44.55723711,21,35.20021732,0,35.20021732,15,32.85,29.92018472,1.311569741,37.18234638,9,37.18234638,334.6411174
2007,Added fats and oils,Pounds,Salad and cooking oils,50.19323012,0,50.19323012,21,39.6526518,0,39.6526518,15,32.85,33.70475403,1.47746867,41.88549805,9,41.88549805,376.9694825
2008,Added fats and oils,Pounds,Salad and cooking oils,54.0330916,0,54.0330916,21,42.68614236,0,42.68614236,15,32.85,36.28322101,1.590497359,45.08980489,9,45.08980489,405.808244
2009,Added fats and oils,Pounds,Salad and cooking oils,51.03533748,0,51.03533748,21,40.31791661,0,40.31791661,15,32.85,34.27022912,1.502256619,42.58822402,9,42.58822402,383.2940162
2010,Added fats and oils,Pounds,Salad and cooking oils,53.56604851,0,53.56604851,21,42.31717832,0,42.31717832,15,32.85,35.96960157,1.576749658,44.70006443,9,44.70006443,402.3005798
1970,Added fats and oils,Pounds,Other edible fats and oils,2.3,0,2.3,5,2.185,0,2.185,25,28.75,1.63875,0.071835616,2.036503808,9,2.036503808,18.32853427
1971,Added fats and oils,Pounds,Other edible fats and oils,2.3,0,2.3,5,2.185,0,2.185,25,28.75,1.63875,0.071835616,2.036503808,9,2.036503808,18.32853427
1972,Added fats and oils,Pounds,Other edible fats and oils,2.3,0,2.3,5,2.185,0,2.185,25,28.75,1.63875,0.071835616,2.036503808,9,2.036503808,18.32853427
1973,Added fats and oils,Pounds,Other edible fats and oils,2.6,0,2.6,5,2.47,0,2.47,25,28.75,1.8525,0.081205479,2.30213474,9,2.30213474,20.71921266
1974,Added fats and oils,Pounds,Other edible fats and oils,1.7,0,1.7,5,1.615,0,1.615,25,28.75,1.21125,0.05309589,1.505241945,9,1.505241945,13.54717751
1975,Added fats and oils,Pounds,Other edible fats and oils,1.981729198,0,1.981729198,5,1.882642738,0,1.882642738,25,28.75,1.411982053,0.061895104,1.754695243,9,1.754695243,15.79225718
1976,Added fats and oils,Pounds,Other edible fats and oils,2.040956727,0,2.040956727,5,1.938908891,0,1.938908891,25,28.75,1.454181668,0.06374495,1.807137455,9,1.807137455,16.2642371
1977,Added fats and oils,Pounds,Other edible fats and oils,1.916100237,0,1.916100237,5,1.820295225,0,1.820295225,25,28.75,1.365221419,0.059845322,1.696584969,9,1.696584969,15.26926472
1978,Added fats and oils,Pounds,Other edible fats and oils,2.035177573,0,2.035177573,5,1.933418694,0,1.933418694,25,28.75,1.45006402,0.06356445,1.802020381,9,1.802020381,16.21818343
1979,Added fats and oils,Pounds,Other edible fats and oils,1.675146075,0,1.675146075,5,1.591388772,0,1.591388772,25,28.75,1.193541579,0.052319631,1.483235375,9,1.483235375,13.34911837
1980,Added fats and oils,Pounds,Other edible fats and oils,1.506196043,0,1.506196043,5,1.43088624,0,1.43088624,25,28.75,1.07316468,0.047042835,1.333640859,9,1.333640859,12.00276773
1981,Added fats and oils,Pounds,Other edible fats and oils,1.391510049,0,1.391510049,5,1.321934547,0,1.321934547,25,28.75,0.99145091,0.043460862,1.232093702,9,1.232093702,11.08884332
1982,Added fats and oils,Pounds,Other edible fats and oils,1.610763691,0,1.610763691,5,1.530225507,0,1.530225507,25,28.75,1.14766913,0.050308784,1.426228866,9,1.426228866,12.83605979
1983,Added fats and oils,Pounds,Other edible fats and oils,1.557785299,0,1.557785299,5,1.479896034,0,1.479896034,25,28.75,1.109922025,0.048654116,1.379319867,9,1.379319867,12.4138788
1984,Added fats and oils,Pounds,Other edible fats and oils,1.709343849,0,1.709343849,5,1.623876656,0,1.623876656,25,28.75,1.217907492,0.053387726,1.513515329,9,1.513515329,13.62163797
1985,Added fats and oils,Pounds,Other edible fats and oils,1.572551223,0,1.572551223,5,1.493923662,0,1.493923662,25,28.75,1.120442747,0.049115298,1.392394154,9,1.392394154,12.53154739
1986,Added fats and oils,Pounds,Other edible fats and oils,1.678779644,0,1.678779644,5,1.594840661,0,1.594840661,25,28.75,1.196130496,0.052433118,1.486452668,9,1.486452668,13.37807402
1987,Added fats and oils,Pounds,Other edible fats and oils,1.301461261,0,1.301461261,5,1.236388198,0,1.236388198,25,28.75,0.927291148,0.040648379,1.152361224,9,1.152361224,10.37125101
1988,Added fats and oils,Pounds,Other edible fats and oils,1.29784794,0,1.29784794,5,1.232955543,0,1.232955543,25,28.75,0.924716657,0.040535525,1.149161857,9,1.149161857,10.34245671
1989,Added fats and oils,Pounds,Other edible fats and oils,1.26545431,0,1.26545431,5,1.202181595,0,1.202181595,25,28.75,0.901636196,0.039523778,1.120479357,9,1.120479357,10.08431422
1990,Added fats and oils,Pounds,Other edible fats and oils,1.163385732,0,1.163385732,5,1.105216446,0,1.105216446,25,28.75,0.828912334,0.036335883,1.030104119,9,1.030104119,9.270937073
1991,Added fats and oils,Pounds,Other edible fats and oils,1.266307156,0,1.266307156,5,1.202991799,0,1.202991799,25,28.75,0.902243849,0.039550415,1.121234498,9,1.121234498,10.09111049
1992,Added fats and oils,Pounds,Other edible fats and oils,1.428604794,0,1.428604794,5,1.357174554,0,1.357174554,25,28.75,1.017880916,0.044619437,1.264938741,9,1.264938741,11.38444867
1993,Added fats and oils,Pounds,Other edible fats and oils,1.732915794,0,1.732915794,5,1.646270004,0,1.646270004,25,28.75,1.234702503,0.054123945,1.534386789,9,1.534386789,13.8094811
1994,Added fats and oils,Pounds,Other edible fats and oils,1.617091058,0,1.617091058,5,1.536236505,0,1.536236505,25,28.75,1.152177379,0.050506406,1.431831347,9,1.431831347,12.88648212
1995,Added fats and oils,Pounds,Other edible fats and oils,1.627044122,0,1.627044122,5,1.545691916,0,1.545691916,25,28.75,1.159268937,0.050817268,1.440644152,9,1.440644152,12.96579737
1996,Added fats and oils,Pounds,Other edible fats and oils,1.337575603,0,1.337575603,5,1.270696822,0,1.270696822,25,28.75,0.953022617,0.041776334,1.184338178,9,1.184338178,10.6590436
1997,Added fats and oils,Pounds,Other edible fats and oils,1.089728557,0,1.089728557,5,1.035242129,0,1.035242129,25,28.75,0.776431597,0.034035358,0.964885372,9,0.964885372,8.683968352
1998,Added fats and oils,Pounds,Other edible fats and oils,1.320826467,0,1.320826467,5,1.254785144,0,1.254785144,25,28.75,0.941088858,0.04125321,1.169507883,9,1.169507883,10.52557095
1999,Added fats and oils,Pounds,Other edible fats and oils,1.544245332,0,1.544245332,5,1.467033065,0,1.467033065,25,28.75,1.100274799,0.048231224,1.367331087,9,1.367331087,12.30597978
2000,Added fats and oils,Pounds,Other edible fats and oils,1.517431875,0,1.517431875,5,1.441560281,0,1.441560281,25,28.75,1.081170211,0.047393763,1.343589475,9,1.343589475,12.09230527
2001,Added fats and oils,Pounds,Other edible fats and oils,1.428626412,0,1.428626412,5,1.357195091,0,1.357195091,25,28.75,1.017896318,0.044620113,1.264957882,9,1.264957882,11.38462093
2002,Added fats and oils,Pounds,Other edible fats and oils,1.394631311,0,1.394631311,5,1.324899745,0,1.324899745,25,28.75,0.993674809,0.043558348,1.234857381,9,1.234857381,11.11371643
2003,Added fats and oils,Pounds,Other edible fats and oils,1.325907727,0,1.325907727,5,1.259612341,0,1.259612341,25,28.75,0.944709256,0.041411913,1.174007016,9,1.174007016,10.56606314
2004,Added fats and oils,Pounds,Other edible fats and oils,1.484342917,0,1.484342917,5,1.410125771,0,1.410125771,25,28.75,1.057594328,0.046360299,1.314291306,9,1.314291306,11.82862175
2005,Added fats and oils,Pounds,Other edible fats and oils,1.620564949,0,1.620564949,5,1.539536701,0,1.539536701,25,28.75,1.154652526,0.050614905,1.434907256,9,1.434907256,12.91416531
2006,Added fats and oils,Pounds,Other edible fats and oils,2.145829729,0,2.145829729,5,2.038538242,0,2.038538242,25,28.75,1.528903682,0.067020435,1.899995832,9,1.899995832,17.09996249
2007,Added fats and oils,Pounds,Other edible fats and oils,1.68005768,0,1.68005768,5,1.596054796,0,1.596054796,25,28.75,1.197041097,0.052473034,1.487584288,9,1.487584288,13.38825859
2008,Added fats and oils,Pounds,Other edible fats and oils,1.648771954,0,1.648771954,5,1.566333356,0,1.566333356,25,28.75,1.174750017,0.051495891,1.459882767,9,1.459882767,13.1389449
2009,Added fats and oils,Pounds,Other edible fats and oils,1.681944441,0,1.681944441,5,1.597847219,0,1.597847219,25,28.75,1.198385415,0.052531963,1.489254896,9,1.489254896,13.40329406
2010,Added fats and oils,Pounds,Other edible fats and oils,1.6725363,0,1.6725363,5,1.588909485,0,1.588909485,25,28.75,1.191682114,0.05223812,1.480924584,9,1.480924584,13.32832126
1970,Added fats and oils,Pounds,Fat share of half and half,2.897286062,0,2.897286062,12,2.549611734,0,2.549611734,12,22.56,2.243658326,0.098352146,2.788234157,9,0.320646928,2.885822353
1971,Added fats and oils,Pounds,Fat share of half and half,2.693071988,0,2.693071988,12,2.369903349,0,2.369903349,12,22.56,2.085514947,0.091419833,2.591706564,9,0.298046255,2.682416294
1972,Added fats and oils,Pounds,Fat share of half and half,2.580225913,0,2.580225913,12,2.270598804,0,2.270598804,12,22.56,1.998126947,0.087589126,2.48310794,9,0.285557413,2.570016718
1973,Added fats and oils,Pounds,Fat share of half and half,2.621157568,0,2.621157568,12,2.306618659,0,2.306618659,12,22.56,2.02982442,0.088978605,2.522498955,9,0.29008738,2.610786418
1974,Added fats and oils,Pounds,Fat share of half and half,2.4467756,0,2.4467756,12,2.153162528,0,2.153162528,12,22.56,1.894783024,0.083058982,2.354680607,9,0.27078827,2.437094428
1975,Added fats and oils,Pounds,Fat share of half and half,2.385538254,0,2.385538254,12,2.099273664,0,2.099273664,12,22.56,1.847360824,0.080980201,2.295748195,9,0.264011042,2.376099381
1976,Added fats and oils,Pounds,Fat share of half and half,2.436075987,0,2.436075987,12,2.143746869,0,2.143746869,12,22.56,1.886497244,0.08269577,2.344383721,9,0.269604128,2.426437151
1977,Added fats and oils,Pounds,Fat share of half and half,2.43902439,0,2.43902439,12,2.146341463,0,2.146341463,12,22.56,1.888780488,0.082795857,2.347221148,9,0.269930432,2.429373888
1978,Added fats and oils,Pounds,Fat share of half and half,2.417884239,0,2.417884239,12,2.12773813,0,2.12773813,12,22.56,1.872409554,0.082078227,2.326876698,9,0.26759082,2.408317382
1979,Added fats and oils,Pounds,Fat share of half and half,2.417986614,0,2.417986614,12,2.127828221,0,2.127828221,12,22.56,1.872488834,0.082081702,2.32697522,9,0.26760215,2.408419352
1980,Added fats and oils,Pounds,Fat share of half and half,2.424909231,0,2.424909231,12,2.133920123,0,2.133920123,12,22.56,1.877849708,0.0823167,2.333637274,9,0.268368286,2.415314578
1981,Added fats and oils,Pounds,Fat share of half and half,2.475312247,0,2.475312247,12,2.178274777,0,2.178274777,12,22.56,1.916881804,0.084027696,2.382143154,9,0.273946463,2.465518164
1982,Added fats and oils,Pounds,Fat share of half and half,2.45614338,0,2.45614338,12,2.161406174,0,2.161406174,12,22.56,1.902037434,0.083376983,2.363695791,9,0.271825016,2.446425143
1983,Added fats and oils,Pounds,Fat share of half and half,2.562106488,0,2.562106488,12,2.254653709,0,2.254653709,12,22.56,1.984095264,0.086974039,2.465670518,9,0.28355211,2.551968986
1984,Added fats and oils,Pounds,Fat share of half and half,2.781723736,0,2.781723736,12,2.447916888,0,2.447916888,12,22.56,2.154166861,0.094429232,2.67702152,9,0.307857475,2.770717273
1985,Added fats and oils,Pounds,Fat share of half and half,3.000958289,0,3.000958289,12,2.640843294,0,2.640843294,12,22.56,2.323942099,0.101871434,2.888004232,9,0.332120487,2.98908438
1986,Added fats and oils,Pounds,Fat share of half and half,3.160748419,0,3.160748419,12,2.781458608,0,2.781458608,12,22.56,2.447683575,0.107295718,3.041779968,9,0.349804696,3.148242267
1987,Added fats and oils,Pounds,Fat share of half and half,3.116113402,0,3.116113402,12,2.742179794,0,2.742179794,12,22.56,2.413118218,0.105780525,2.998824983,9,0.344864873,3.103783858
1988,Added fats and oils,Pounds,Fat share of half and half,3.075677201,0,3.075677201,12,2.706595937,0,2.706595937,12,22.56,2.381804425,0.104407865,2.959910774,9,0.340389739,3.063507651
1989,Added fats and oils,Pounds,Fat share of half and half,3.115643447,0,3.115643447,12,2.741766234,0,2.741766234,12,22.56,2.412754286,0.105764571,2.998372717,9,0.344812863,3.103315763
1990,Added fats and oils,Pounds,Fat share of half and half,2.96046438,0,2.96046438,12,2.605208655,0,2.605208655,12,22.56,2.292583616,0.100496816,2.849034487,9,0.327638966,2.948750694
1991,Added fats and oils,Pounds,Fat share of half and half,3.035801108,0,3.035801108,12,2.671504975,0,2.671504975,12,22.56,2.350924378,0.103054219,2.92153559,9,0.335976593,3.023789336
1992,Added fats and oils,Pounds,Fat share of half and half,3.134331849,0,3.134331849,12,2.758212027,0,2.758212027,12,22.56,2.427226584,0.106398974,3.016357701,9,0.346881136,3.12193022
1993,Added fats and oils,Pounds,Fat share of half and half,3.158676357,0,3.158676357,12,2.779635194,0,2.779635194,12,22.56,2.446078971,0.10722538,3.039785897,9,0.349575378,3.146178404
1994,Added fats and oils,Pounds,Fat share of half and half,3.089774481,0,3.089774481,12,2.719001543,0,2.719001543,12,22.56,2.392721358,0.104886416,2.973477441,9,0.341949906,3.077549152
1995,Added fats and oils,Pounds,Fat share of half and half,3.120798564,0,3.120798564,12,2.746302736,0,2.746302736,12,22.56,2.416746408,0.105939569,3.003333799,9,0.345383387,3.108450482
1996,Added fats and oils,Pounds,Fat share of half and half,3.251742801,0,3.251742801,12,2.861533664,0,2.861533664,12,22.56,2.518149625,0.110384641,3.129349382,9,0.359875179,3.238876611
1997,Added fats and oils,Pounds,Fat share of half and half,3.2386199,0,3.2386199,12,2.849985512,0,2.849985512,12,22.56,2.507987251,0.109939167,3.116720419,9,0.358422848,3.225805634
1998,Added fats and oils,Pounds,Fat share of half and half,3.244469901,0,3.244469901,12,2.855133513,0,2.855133513,12,22.56,2.512517491,0.110137753,3.12235023,9,0.359070276,3.231632488
1999,Added fats and oils,Pounds,Fat share of half and half,3.440366972,0,3.440366972,12,3.027522936,0,3.027522936,12,22.56,2.664220183,0.116787734,3.310873867,9,0.380750495,3.426754452
2000,Added fats and oils,Pounds,Fat share of half and half,3.572289242,0,3.572289242,12,3.143614533,0,3.143614533,12,22.56,2.766380789,0.121266007,3.437830671,9,0.395350527,3.558154744
2001,Added fats and oils,Pounds,Fat share of half and half,4.019902291,0,4.019902291,12,3.537514016,0,3.537514016,12,22.56,3.113012334,0.136460815,3.868595865,9,0.444888524,4.00399672
2002,Added fats and oils,Pounds,Fat share of half and half,,,,,,,,,,,,,,,
2003,Added fats and oils,Pounds,Fat share of half and half,,,,,,,,,,,,,,,
2004,Added fats and oils,Pounds,Fat share of half and half,,,,,,,,,,,,,,,
2005,Added fats and oils,Pounds,Fat share of half and half,,,,,,,,,,,,,,,
2006,Added fats and oils,Pounds,Fat share of half and half,,,,,,,,,,,,,,,
2007,Added fats and oils,Pounds,Fat share of half and half,,,,,,,,,,,,,,,
2008,Added fats and oils,Pounds,Fat share of half and half,,,,,,,,,,,,,,,
2009,Added fats and oils,Pounds,Fat share of half and half,,,,,,,,,,,,,,,
2010,Added fats and oils,Pounds,Fat share of half and half,,,,,,,,,,,,,,,
2011,Added fats and oils,Pounds,Fat share of half and half,,,,,,,,,,,,,,,
2012,Added fats and oils,Pounds,Fat share of half and half,,,,,,,,,,,,,,,
2013,Added fats and oils,Pounds,Fat share of half and half,,,,,,,,,,,,,,,
2014,Added fats and oils,Pounds,Fat share of half and half,,,,,,,,,,,,,,,
2015,Added fats and oils,Pounds,Fat share of half and half,,,,,,,,,,,,,,,
2016,Added fats and oils,Pounds,Fat share of half and half,,,,,,,,,,,,,,,
1970,Added fats and oils,Pounds,Light cream ,0.372578241,0,0.372578241,12,0.327868852,0,0.327868852,12,22.56,0.28852459,0.012647653,0.358554646,9,0.069201047,0.622809421
1971,Added fats and oils,Pounds,Light cream ,0.323942232,0,0.323942232,12,0.285069164,0,0.285069164,12,22.56,0.250860864,0.010996641,0.311749264,9,0.060167608,0.541508471
1972,Added fats and oils,Pounds,Light cream ,0.286691768,0,0.286691768,12,0.252288756,0,0.252288756,12,22.56,0.222014105,0.009732125,0.275900882,9,0.05324887,0.479239832
1973,Added fats and oils,Pounds,Light cream ,0.378506508,0,0.378506508,12,0.333085727,0,0.333085727,12,22.56,0.29311544,0.012848896,0.364259777,9,0.070302137,0.632719232
1974,Added fats and oils,Pounds,Light cream ,0.398421314,0,0.398421314,12,0.350610756,0,0.350610756,12,22.56,0.308537466,0.01352493,0.383425003,9,0.074001026,0.66600923
1975,Added fats and oils,Pounds,Light cream ,0.403777876,0,0.403777876,12,0.355324531,0,0.355324531,12,22.56,0.312685587,0.013706765,0.388579947,9,0.07499593,0.674963368
1976,Added fats and oils,Pounds,Light cream ,0.349324104,0,0.349324104,12,0.307405211,0,0.307405211,12,22.56,0.270516586,0.011858261,0.336175779,9,0.064881925,0.583937328
1977,Added fats and oils,Pounds,Light cream ,0.309428467,0,0.309428467,12,0.272297051,0,0.272297051,12,22.56,0.239621405,0.010503952,0.297781787,9,0.057471885,0.517246965
1978,Added fats and oils,Pounds,Light cream ,0.315180441,0,0.315180441,12,0.277358788,0,0.277358788,12,22.56,0.244075733,0.01069921,0.30331726,9,0.058540231,0.526862081
1979,Added fats and oils,Pounds,Light cream ,0.293898925,0,0.293898925,12,0.258631054,0,0.258631054,12,22.56,0.227595328,0.009976781,0.282836767,9,0.054587496,0.491287464
1980,Added fats and oils,Pounds,Light cream ,0.242050831,0,0.242050831,12,0.213004731,0,0.213004731,12,22.56,0.187444163,0.00821673,0.2329402,9,0.044957459,0.404617127
1981,Added fats and oils,Pounds,Light cream ,0.244044869,0,0.244044869,12,0.214759485,0,0.214759485,12,22.56,0.188988347,0.008284421,0.234859184,9,0.045327823,0.407950403
1982,Added fats and oils,Pounds,Light cream ,0.26762898,0,0.26762898,12,0.235513502,0,0.235513502,12,22.56,0.207251882,0.009085014,0.257555605,9,0.049708232,0.447374085
1983,Added fats and oils,Pounds,Light cream ,0.286579524,0,0.286579524,12,0.252189981,0,0.252189981,12,22.56,0.221927183,0.009728315,0.275792863,9,0.053228022,0.479052202
1984,Added fats and oils,Pounds,Light cream ,0.313792007,0,0.313792007,12,0.276136966,0,0.276136966,12,22.56,0.24300053,0.010652078,0.301981086,9,0.05828235,0.524541147
1985,Added fats and oils,Pounds,Light cream ,0.357256939,0,0.357256939,12,0.314386106,0,0.314386106,12,22.56,0.276659774,0.012127552,0.343810028,9,0.066355335,0.597198018
1986,Added fats and oils,Pounds,Light cream ,0.428928969,0,0.428928969,12,0.377457492,0,0.377457492,12,22.56,0.332162593,0.014560552,0.41278437,9,0.079667383,0.71700645
1987,Added fats and oils,Pounds,Light cream ,0.425112159,0,0.425112159,12,0.3740987,0,0.3740987,12,22.56,0.329206856,0.014430985,0.409111223,9,0.078958466,0.710626194
1988,Added fats and oils,Pounds,Light cream ,0.408999628,0,0.408999628,12,0.359919672,0,0.359919672,12,22.56,0.316729312,0.013884025,0.393605156,9,0.075965795,0.683692156
1989,Added fats and oils,Pounds,Light cream ,0.409206747,0,0.409206747,12,0.360101937,0,0.360101937,12,22.56,0.316889705,0.013891056,0.393804479,9,0.076004264,0.68403838
1990,Added fats and oils,Pounds,Light cream ,0.352531618,0,0.352531618,12,0.310227824,0,0.310227824,12,22.56,0.273000485,0.011967145,0.339262564,9,0.065477675,0.589299074
1991,Added fats and oils,Pounds,Light cream ,0.312276416,0,0.312276416,12,0.274803246,0,0.274803246,12,22.56,0.241826857,0.010600629,0.300522541,9,0.05800085,0.522007654
1992,Added fats and oils,Pounds,Light cream ,0.343061197,0,0.343061197,12,0.301893854,0,0.301893854,12,22.56,0.265666591,0.011645659,0.330148604,9,0.063718681,0.573468125
1993,Added fats and oils,Pounds,Light cream ,0.350109072,0,0.350109072,12,0.308095984,0,0.308095984,12,22.56,0.271124466,0.011884908,0.336931202,9,0.065027722,0.585249497
1994,Added fats and oils,Pounds,Light cream ,0.319238692,0,0.319238692,12,0.280930049,0,0.280930049,12,22.56,0.247218443,0.010836973,0.307222761,9,0.059293993,0.533645937
1995,Added fats and oils,Pounds,Light cream ,0.356769992,0,0.356769992,12,0.313957593,0,0.313957593,12,22.56,0.276282682,0.012111022,0.343341409,9,0.066264892,0.596384027
1996,Added fats and oils,Pounds,Light cream ,0.389763692,0,0.389763692,12,0.342992049,0,0.342992049,12,22.56,0.301833003,0.013231036,0.375093248,9,0.072392997,0.651536972
1997,Added fats and oils,Pounds,Light cream ,0.436461799,0,0.436461799,12,0.384086383,0,0.384086383,12,22.56,0.337996017,0.014816264,0.420033669,9,0.081066498,0.729598483
1998,Added fats and oils,Pounds,Light cream ,0.485764209,0,0.485764209,12,0.427472504,0,0.427472504,12,22.56,0.376175803,0.016489898,0.46748037,9,0.090223711,0.812013402
1999,Added fats and oils,Pounds,Light cream ,0.60206422,0,0.60206422,12,0.529816514,0,0.529816514,12,22.56,0.466238532,0.020437853,0.579402927,9,0.111824765,1.006422884
2000,Added fats and oils,Pounds,Light cream ,,,,,,,,,,,,,,,
2001,Added fats and oils,Pounds,Light cream ,,,,,,,,,,,,,,,
2002,Added fats and oils,Pounds,Light cream ,6.462733512,0,6.462733512,12,5.687205491,0,5.687205491,12,22.56,5.004740832,0.219385899,6.219480557,9,1.200359748,10.80323773
2003,Added fats and oils,Pounds,Light cream ,7.408902072,0,7.408902072,12,6.519833824,0,6.519833824,12,22.56,5.737453765,0.251504823,7.130035967,9,1.376096942,12.38487248
2004,Added fats and oils,Pounds,Light cream ,7.892965814,0,7.892965814,12,6.945809917,0,6.945809917,12,22.56,6.112312727,0.267936996,7.595879875,9,1.466004816,13.19404334
2005,Added fats and oils,Pounds,Light cream ,7.951901753,0,7.951901753,12,6.997673543,0,6.997673543,12,22.56,6.157952718,0.269937653,7.652597505,9,1.476951318,13.29256187
2006,Added fats and oils,Pounds,Light cream ,8.236289042,0,8.236289042,12,7.247934357,0,7.247934357,12,22.56,6.378182234,0.27959155,7.926280646,9,1.529772165,13.76794948
2007,Added fats and oils,Pounds,Light cream ,,,,,,,,,,,,,,,
2008,Added fats and oils,Pounds,Light cream ,,,,,,,,,,,,,,,
2009,Added fats and oils,Pounds,Light cream ,,,,,,,,,,,,,,,
2010,Added fats and oils,Pounds,Light cream ,,,,,,,,,,,,,,,
2011,Added fats and oils,Pounds,Light cream ,,,,,,,,,,,,,,,
2012,Added fats and oils,Pounds,Light cream ,,,,,,,,,,,,,,,
2013,Added fats and oils,Pounds,Light cream ,,,,,,,,,,,,,,,
2014,Added fats and oils,Pounds,Light cream ,,,,,,,,,,,,,,,
2015,Added fats and oils,Pounds,Light cream ,,,,,,,,,,,,,,,
2016,Added fats and oils,Pounds,Light cream ,,,,,,,,,,,,,,,
1970,Added fats and oils,Pounds,Heavy cream,0.544160326,0,0.544160326,12,0.478861087,0,0.478861087,12,22.56,0.421397757,0.01847223,0.523678497,9,0.193761044,1.743849394
1971,Added fats and oils,Pounds,Heavy cream,0.546350331,0,0.546350331,12,0.480788292,0,0.480788292,12,22.56,0.423093697,0.018546573,0.525786071,9,0.194540846,1.750867618
1972,Added fats and oils,Pounds,Heavy cream,0.530379771,0,0.530379771,12,0.466734199,0,0.466734199,12,22.56,0.410726095,0.018004432,0.510416632,9,0.188854154,1.699687385
1973,Added fats and oils,Pounds,Heavy cream,0.567759762,0,0.567759762,12,0.49962859,0,0.49962859,12,22.56,0.43967316,0.019273344,0.546389665,9,0.202164176,1.819477585
1974,Added fats and oils,Pounds,Heavy cream,0.543727911,0,0.543727911,12,0.478480562,0,0.478480562,12,22.56,0.421062894,0.018457552,0.523262357,9,0.193607072,1.742463649
1975,Added fats and oils,Pounds,Heavy cream,0.552293876,0,0.552293876,12,0.486018611,0,0.486018611,12,22.56,0.427696378,0.018748334,0.531505905,9,0.196657185,1.769914664
1976,Added fats and oils,Pounds,Heavy cream,0.592931703,0,0.592931703,12,0.521779898,0,0.521779898,12,22.56,0.45916631,0.020127838,0.570614151,9,0.211127236,1.900145123
1977,Added fats and oils,Pounds,Heavy cream,0.573352748,0,0.573352748,12,0.504550419,0,0.504550419,12,22.56,0.444004368,0.019463205,0.551772136,9,0.20415569,1.837401211
1978,Added fats and oils,Pounds,Heavy cream,0.55381706,0,0.55381706,12,0.487359013,0,0.487359013,12,22.56,0.428875931,0.018800041,0.532971758,9,0.19719955,1.774795953
1979,Added fats and oils,Pounds,Heavy cream,0.618968949,0,0.618968949,12,0.544692675,0,0.544692675,12,22.56,0.479329554,0.021011706,0.595671373,9,0.220398408,1.983585672
1980,Added fats and oils,Pounds,Heavy cream,0.699746947,0,0.699746947,12,0.615777313,0,0.615777313,12,22.56,0.541884036,0.023753821,0.673408941,9,0.249161308,2.242451774
1981,Added fats and oils,Pounds,Heavy cream,0.72341872,0,0.72341872,12,0.636608474,0,0.636608474,12,22.56,0.560215457,0.02455739,0.696189725,9,0.257590198,2.318311783
1982,Added fats and oils,Pounds,Heavy cream,0.742454589,0,0.742454589,12,0.653360039,0,0.653360039,12,22.56,0.574956834,0.025203587,0.714509097,9,0.264368366,2.379315292
1983,Added fats and oils,Pounds,Heavy cream,0.838352039,0,0.838352039,12,0.737749795,0,0.737749795,12,22.56,0.649219819,0.028458951,0.806797031,9,0.298514901,2.686634113
1984,Added fats and oils,Pounds,Heavy cream,0.937135588,0,0.937135588,12,0.824679317,0,0.824679317,12,22.56,0.725717799,0.031812287,0.901862433,9,0.3336891,3.003201901
1985,Added fats and oils,Pounds,Heavy cream,1.021334544,0,1.021334544,12,0.898774399,0,0.898774399,12,22.56,0.790921471,0.03467053,0.982892197,9,0.363670113,3.273031015
1986,Added fats and oils,Pounds,Heavy cream,1.082733319,0,1.082733319,12,0.95280532,0,0.95280532,12,22.56,0.838468682,0.036754792,1.041979963,9,0.385532586,3.469793276
1987,Added fats and oils,Pounds,Heavy cream,1.122626285,0,1.122626285,12,0.987911131,0,0.987911131,12,22.56,0.869361795,0.03810901,1.080371385,9,0.399737412,3.597636711
1988,Added fats and oils,Pounds,Heavy cream,1.198368909,0,1.198368909,12,1.05456464,0,1.05456464,12,22.56,0.928016884,0.040680192,1.153263107,9,0.42670735,3.840366148
1989,Added fats and oils,Pounds,Heavy cream,1.288393519,0,1.288393519,12,1.133786297,0,1.133786297,12,22.56,0.997731941,0.043736195,1.239899251,9,0.458762723,4.128864506
1990,Added fats and oils,Pounds,Heavy cream,1.29795732,0,1.29795732,12,1.142202441,0,1.142202441,12,22.56,1.005138148,0.04406085,1.249103077,9,0.462168138,4.159513245
1991,Added fats and oils,Pounds,Heavy cream,1.25305853,0,1.25305853,12,1.102691506,0,1.102691506,12,22.56,0.970368526,0.042536702,1.205894247,9,0.446180872,4.015627844
1992,Added fats and oils,Pounds,Heavy cream,1.305971604,0,1.305971604,12,1.149255011,0,1.149255011,12,22.56,1.01134441,0.044332906,1.256815709,9,0.465021812,4.18519631
1993,Added fats and oils,Pounds,Heavy cream,1.342726003,0,1.342726003,12,1.181598883,0,1.181598883,12,22.56,1.039807017,0.045580582,1.292186697,9,0.478109078,4.302981701
1994,Added fats and oils,Pounds,Heavy cream,1.409970888,0,1.409970888,12,1.240774382,0,1.240774382,12,22.56,1.091881456,0.047863297,1.35690053,9,0.502053196,4.518478764
1995,Added fats and oils,Pounds,Heavy cream,1.509700388,0,1.509700388,12,1.328536342,0,1.328536342,12,22.56,1.169111981,0.051248744,1.452876278,9,0.537564223,4.838078007
1996,Added fats and oils,Pounds,Heavy cream,1.670415822,0,1.670415822,12,1.469965924,0,1.469965924,12,22.56,1.293570013,0.056704439,1.607542491,9,0.594790722,5.353116495
1997,Added fats and oils,Pounds,Heavy cream,1.848544088,0,1.848544088,12,1.626718798,0,1.626718798,12,22.56,1.431512542,0.062751235,1.778966128,9,0.658217468,5.923957208
1998,Added fats and oils,Pounds,Heavy cream,1.866929608,0,1.866929608,12,1.642898055,0,1.642898055,12,22.56,1.445750288,0.063375355,1.796659629,9,0.664764063,5.982876566
1999,Added fats and oils,Pounds,Heavy cream,1.988962156,0,1.988962156,12,1.750286697,0,1.750286697,12,22.56,1.540252294,0.067517909,1.914098954,9,0.708216613,6.373949518
2000,Added fats and oils,Pounds,Heavy cream,2.633145741,0,2.633145741,12,2.317168252,0,2.317168252,12,22.56,2.039108062,0.089385559,2.534035901,9,0.937593283,8.438339551
2001,Added fats and oils,Pounds,Heavy cream,2.795691209,0,2.795691209,12,2.460208264,0,2.460208264,12,22.56,2.164983272,0.094903376,2.690463267,9,0.995471409,8.959242679
2002,Added fats and oils,Pounds,Heavy cream,,,,,,,,,,,,,,,
2003,Added fats and oils,Pounds,Heavy cream,,,,,,,,,,,,,,,
2004,Added fats and oils,Pounds,Heavy cream,,,,,,,,,,,,,,,
2005,Added fats and oils,Pounds,Heavy cream,,,,,,,,,,,,,,,
2006,Added fats and oils,Pounds,Heavy cream,,,,,,,,,,,,,,,
2007,Added fats and oils,Pounds,Heavy cream,,,,,,,,,,,,,,,
2008,Added fats and oils,Pounds,Heavy cream,,,,,,,,,,,,,,,
2009,Added fats and oils,Pounds,Heavy cream,,,,,,,,,,,,,,,
2010,Added fats and oils,Pounds,Heavy cream,,,,,,,,,,,,,,,
2011,Added fats and oils,Pounds,Heavy cream,,,,,,,,,,,,,,,
2012,Added fats and oils,Pounds,Heavy cream,,,,,,,,,,,,,,,
2013,Added fats and oils,Pounds,Heavy cream,,,,,,,,,,,,,,,
2014,Added fats and oils,Pounds,Heavy cream,,,,,,,,,,,,,,,
2015,Added fats and oils,Pounds,Heavy cream,,,,,,,,,,,,,,,
2016,Added fats and oils,Pounds,Heavy cream,,,,,,,,,,,,,,,
1970,Added fats and oils,Pounds,Sour cream,1.088320653,0,1.088320653,12,0.957722174,0,0.957722174,8,19.04,0.8811044,0.038623755,1.094964129,9,0.205026558,1.845239025
1971,Added fats and oils,Pounds,Sour cream,1.189399837,0,1.189399837,12,1.046671856,0,1.046671856,8,19.04,0.962938108,0.042210986,1.196660335,9,0.224068664,2.016617979
1972,Added fats and oils,Pounds,Sour cream,1.26144378,0,1.26144378,12,1.110070526,0,1.110070526,8,19.04,1.021264884,0.044767776,1.269144058,9,0.237640879,2.138767913
1973,Added fats and oils,Pounds,Sour cream,1.286922127,0,1.286922127,12,1.132491472,0,1.132491472,8,19.04,1.041892154,0.045671985,1.294777934,9,0.242440694,2.181966248
1974,Added fats and oils,Pounds,Sour cream,1.453065969,0,1.453065969,12,1.278698053,0,1.278698053,8,19.04,1.176402209,0.051568316,1.461935974,9,0.273740202,2.463661814
1975,Added fats and oils,Pounds,Sour cream,1.624393753,0,1.624393753,12,1.429466503,0,1.429466503,8,19.04,1.315109182,0.057648622,1.634309601,9,0.306016301,2.754146711
1976,Added fats and oils,Pounds,Sour cream,1.608729425,0,1.608729425,12,1.415681894,0,1.415681894,8,19.04,1.302427343,0.057092705,1.618549653,9,0.30306533,2.727587968
1977,Added fats and oils,Pounds,Sour cream,1.656352384,0,1.656352384,12,1.457590098,0,1.457590098,8,19.04,1.34098289,0.058782812,1.666463318,9,0.312036924,2.808332317
1978,Added fats and oils,Pounds,Sour cream,1.683964069,0,1.683964069,12,1.481888381,0,1.481888381,8,19.04,1.363337311,0.059762731,1.694243555,9,0.317238634,2.855147709
1979,Added fats and oils,Pounds,Sour cream,1.758940539,0,1.758940539,12,1.547867674,0,1.547867674,8,19.04,1.42403826,0.062423595,1.769677706,9,0.331363302,2.982269718
1980,Added fats and oils,Pounds,Sour cream,1.795577071,0,1.795577071,12,1.580107823,0,1.580107823,8,19.04,1.453699197,0.0637238,1.80653788,9,0.338265185,3.044386668
1981,Added fats and oils,Pounds,Sour cream,1.847768297,0,1.847768297,12,1.626036101,0,1.626036101,8,19.04,1.495953213,0.065576031,1.859047698,9,0.348097386,3.132876476
1982,Added fats and oils,Pounds,Sour cream,1.946784999,0,1.946784999,12,1.713170799,0,1.713170799,8,19.04,1.576117135,0.069090066,1.958668832,9,0.366750945,3.300758509
1983,Added fats and oils,Pounds,Sour cream,2.070216261,0,2.070216261,12,1.821790309,0,1.821790309,8,19.04,1.676047085,0.073470557,2.082853559,9,0.390003915,3.510035233
1984,Added fats and oils,Pounds,Sour cream,2.21774621,0,2.21774621,12,1.951616665,0,1.951616665,8,19.04,1.795487332,0.078706294,2.231284082,9,0.417796788,3.760171091
1985,Added fats and oils,Pounds,Sour cream,2.286444411,0,2.286444411,12,2.012071082,0,2.012071082,8,19.04,1.851105395,0.081144346,2.300401639,9,0.430738705,3.876648344
1986,Added fats and oils,Pounds,Sour cream,2.352862789,0,2.352862789,12,2.070519254,0,2.070519254,8,19.04,1.904877714,0.083501489,2.367225457,9,0.443251131,3.989260177
1987,Added fats and oils,Pounds,Sour cream,2.430981184,0,2.430981184,12,2.139263442,0,2.139263442,8,19.04,1.968122366,0.086273857,2.445820713,9,0.457967699,4.121709295
1988,Added fats and oils,Pounds,Sour cream,2.486717737,0,2.486717737,12,2.188311609,0,2.188311609,8,19.04,2.01324668,0.088251909,2.501897502,9,0.468467798,4.216210179
1989,Added fats and oils,Pounds,Sour cream,2.520065311,0,2.520065311,12,2.217657474,0,2.217657474,8,19.04,2.040244876,0.089435392,2.53544864,9,0.474750081,4.272750726
1990,Added fats and oils,Pounds,Sour cream,2.503775694,0,2.503775694,12,2.20332261,0,2.20332261,8,19.04,2.027056802,0.088857284,2.519059586,9,0.471681312,4.245131809
1991,Added fats and oils,Pounds,Sour cream,2.604938711,0,2.604938711,12,2.292346066,0,2.292346066,8,19.04,2.10895838,0.092447491,2.620840136,9,0.490739211,4.416652901
1992,Added fats and oils,Pounds,Sour cream,2.697708507,0,2.697708507,12,2.373983486,0,2.373983486,8,19.04,2.184064807,0.095739827,2.71417623,9,0.508215928,4.573943354
1993,Added fats and oils,Pounds,Sour cream,2.670062596,0,2.670062596,12,2.349655085,0,2.349655085,8,19.04,2.161682678,0.094758693,2.68636156,9,0.50300777,4.527069932
1994,Added fats and oils,Pounds,Sour cream,2.698327037,0,2.698327037,12,2.374527793,0,2.374527793,8,19.04,2.184565569,0.095761778,2.714798536,9,0.508332452,4.574992067
1995,Added fats and oils,Pounds,Sour cream,2.880448253,0,2.880448253,12,2.534794463,0,2.534794463,8,19.04,2.332010906,0.102225136,2.898031482,9,0.542641905,4.883777143
1996,Added fats and oils,Pounds,Sour cream,2.828570792,0,2.828570792,12,2.489142297,0,2.489142297,8,19.04,2.290010913,0.10038404,2.845837343,9,0.532868813,4.79581932
1997,Added fats and oils,Pounds,Sour cream,2.912190488,0,2.912190488,12,2.562727629,0,2.562727629,8,19.04,2.357709419,0.103351646,2.929967482,9,0.548621761,4.93759585
1998,Added fats and oils,Pounds,Sour cream,2.96171163,0,2.96171163,12,2.606306234,0,2.606306234,8,19.04,2.397801736,0.105109117,2.979790918,9,0.55795095,5.021558553
1999,Added fats and oils,Pounds,Sour cream,3.013904817,0,3.013904817,12,2.652236239,0,2.652236239,8,19.04,2.440057339,0.106961418,3.032302709,9,0.567783521,5.110051686
2000,Added fats and oils,Pounds,Sour cream,3.239159094,0,3.239159094,12,2.850460003,0,2.850460003,8,19.04,2.622423203,0.114955538,3.258932015,9,0.610218725,5.491968526
2001,Added fats and oils,Pounds,Sour cream,3.472690461,0,3.472690461,12,3.055967605,0,3.055967605,8,19.04,2.811490197,0.123243406,3.493888935,9,0.654213234,5.887919103
2002,Added fats and oils,Pounds,Sour cream,3.582300135,0,3.582300135,12,3.152424119,0,3.152424119,8,19.04,2.900230189,0.127133378,3.604167704,9,0.674862382,6.073761436
2003,Added fats and oils,Pounds,Sour cream,3.222025079,0,3.222025079,12,2.83538207,0,2.83538207,8,19.04,2.608551504,0.114347463,3.241693408,9,0.606990882,5.46291794
2004,Added fats and oils,Pounds,Sour cream,3.367324171,0,3.367324171,12,2.96324527,0,2.96324527,8,19.04,2.726185648,0.119504028,3.387879454,9,0.634363488,5.709271395
2005,Added fats and oils,Pounds,Sour cream,3.494877388,0,3.494877388,12,3.075492102,0,3.075492102,8,19.04,2.829452734,0.124030805,3.5162113,9,0.658392985,5.925536863
2006,Added fats and oils,Pounds,Sour cream,3.755128901,0,3.755128901,12,3.304513433,0,3.304513433,8,19.04,3.040152358,0.133266953,3.778051475,9,0.707421248,6.366791236
2007,Added fats and oils,Pounds,Sour cream,3.765065307,0,3.765065307,12,3.31325747,0,3.31325747,8,19.04,3.048196873,0.133619589,3.788048537,9,0.709293148,6.383638334
2008,Added fats and oils,Pounds,Sour cream,3.780650783,0,3.780650783,12,3.326972689,0,3.326972689,8,19.04,3.060814874,0.134172707,3.803729152,9,0.712229265,6.410063386
2009,Added fats and oils,Pounds,Sour cream,3.89244464,0,3.89244464,12,3.425351283,0,3.425351283,8,19.04,3.151323181,0.138140194,3.916205436,9,0.733289887,6.599608982
2010,Added fats and oils,Pounds,Sour cream,3.969480143,0,3.969480143,12,3.493142526,0,3.493142526,8,19.04,3.213691124,0.140874131,3.993711189,9,0.747802452,6.730222065
2011,Added fats and oils,Pounds,Sour cream,4.026053604,0,4.026053604,12,3.542927172,0,3.542927172,8,19.04,3.259492998,0.142881885,4.050629994,9,0.758460213,6.826141919
2012,Added fats and oils,Pounds,Sour cream,4.081014698,0,4.081014698,12,3.591292935,0,3.591292935,8,19.04,3.3039895,0.144832416,4.10592659,9,0.768814224,6.919328019
2013,Added fats and oils,Pounds,Sour cream,4.052327992,0,4.052327992,12,3.566048633,0,3.566048633,8,19.04,3.280764743,0.143814345,4.07706477,9,0.763409993,6.870689936
2014,Added fats and oils,Pounds,Sour cream,4.090236891,0,4.090236891,12,3.599408464,0,3.599408464,8,19.04,3.311455787,0.145159706,4.115205078,9,0.770551575,6.934964174
2015,Added fats and oils,Pounds,Sour cream,4.132171938,0,4.132171938,12,3.636311306,0,3.636311306,8,19.04,3.345406401,0.146647952,4.157396111,9,0.778451635,7.006064713
2016,Added fats and oils,Pounds,Sour cream,4.249096548,0,4.249096548,12,3.739204962,0,3.739204962,8,19.04,3.440068565,0.150797526,4.275034467,9,0.800478829,7.20430946
1970,Added fats and oils,Pounds,Cream cheese,0.612511956,0,0.612511956,12,0.539010521,0,0.539010521,13,23.44,0.468939154,0.020556237,0.582759037,9,0.18254111,1.642869988
1971,Added fats and oils,Pounds,Cream cheese,0.622957559,0,0.622957559,12,0.548202652,0,0.548202652,13,23.44,0.476936308,0.020906797,0.592697243,9,0.185654114,1.670887022
1972,Added fats and oils,Pounds,Cream cheese,0.63283222,0,0.63283222,12,0.556892353,0,0.556892353,13,23.44,0.484496347,0.021238196,0.602092239,9,0.188596965,1.697372681
1973,Added fats and oils,Pounds,Cream cheese,0.657064093,0,0.657064093,12,0.578216402,0,0.578216402,13,23.44,0.50304827,0.022051431,0.625147043,9,0.195818559,1.762367033
1974,Added fats and oils,Pounds,Cream cheese,0.700613027,0,0.700613027,12,0.616539464,0,0.616539464,13,23.44,0.536389333,0.023512957,0.666580577,9,0.208797033,1.879173301
1975,Added fats and oils,Pounds,Cream cheese,0.739581934,0,0.739581934,12,0.650832102,0,0.650832102,13,23.44,0.566223929,0.024820775,0.70365656,9,0.220410566,1.983695096
1976,Added fats and oils,Pounds,Cream cheese,0.768742127,0,0.768742127,12,0.676493072,0,0.676493072,13,23.44,0.588548972,0.025799407,0.731400289,9,0.229100901,2.061908108
1977,Added fats and oils,Pounds,Cream cheese,0.799166987,0,0.799166987,12,0.703266948,0,0.703266948,13,23.44,0.611842245,0.026820482,0.760347254,9,0.238168132,2.143513191
1978,Added fats and oils,Pounds,Cream cheese,0.886903621,0,0.886903621,12,0.780475186,0,0.780475186,13,23.44,0.679013412,0.029764971,0.843822059,9,0.264315447,2.378839019
1979,Added fats and oils,Pounds,Cream cheese,0.938865914,0,0.938865914,12,0.826202005,0,0.826202005,13,23.44,0.718795744,0.031508855,0.893260272,9,0.279801274,2.51821147
1980,Added fats and oils,Pounds,Cream cheese,0.998683801,0,0.998683801,12,0.878841745,0,0.878841745,13,23.44,0.764592318,0.033516376,0.95017249,9,0.29762823,2.678654071
1981,Added fats and oils,Pounds,Cream cheese,1.044207174,0,1.044207174,12,0.918902313,0,0.918902313,13,23.44,0.799445013,0.035044165,0.993484554,9,0.311195128,2.80075615
1982,Added fats and oils,Pounds,Cream cheese,1.115020577,0,1.115020577,12,0.981218107,0,0.981218107,13,23.44,0.853659753,0.037420702,1.060858178,9,0.332298972,2.99069075
1983,Added fats and oils,Pounds,Cream cheese,1.146110133,0,1.146110133,12,1.008576917,0,1.008576917,13,23.44,0.877461917,0.038464084,1.090437551,9,0.341564297,3.07407867
1984,Added fats and oils,Pounds,Cream cheese,1.165042103,0,1.165042103,12,1.02523705,0,1.02523705,13,23.44,0.891956234,0.039099451,1.108449896,9,0.347206412,3.124857704
1985,Added fats and oils,Pounds,Cream cheese,1.222920557,0,1.222920557,12,1.07617009,0,1.07617009,13,23.44,0.936267979,0.041041884,1.16351689,9,0.364455377,3.28009839
1986,Added fats and oils,Pounds,Cream cheese,1.33147962,0,1.33147962,12,1.171702066,0,1.171702066,13,23.44,1.019380797,0.044685186,1.26680267,9,0.396808201,3.571273811
1987,Added fats and oils,Pounds,Cream cheese,1.405140237,0,1.405140237,12,1.236523409,0,1.236523409,13,23.44,1.075775366,0.047157276,1.336885205,9,0.418760574,3.768845165
1988,Added fats and oils,Pounds,Cream cheese,1.529093753,0,1.529093753,12,1.345602502,0,1.345602502,13,23.44,1.170674177,0.051317224,1.454817648,9,0.455701261,4.101311346
1989,Added fats and oils,Pounds,Cream cheese,1.61273544,0,1.61273544,12,1.419207187,0,1.419207187,13,23.44,1.234710253,0.054124285,1.534396419,9,0.480628197,4.325653771
1990,Added fats and oils,Pounds,Cream cheese,1.712953715,0,1.712953715,12,1.507399269,0,1.507399269,13,23.44,1.311437364,0.057487665,1.629746567,9,0.510495296,4.594457661
1991,Added fats and oils,Pounds,Cream cheese,1.751325079,0,1.751325079,12,1.54116607,0,1.54116607,13,23.44,1.340814481,0.058775429,1.666254033,9,0.521930748,4.697376734
1992,Added fats and oils,Pounds,Cream cheese,2.00094656,0,2.00094656,12,1.760832973,0,1.760832973,13,23.44,1.531924686,0.067152863,1.903750088,9,0.596323063,5.366907564
1993,Added fats and oils,Pounds,Cream cheese,2.055305057,0,2.055305057,12,1.80866845,0,1.80866845,13,23.44,1.573541551,0.068977164,1.955468108,9,0.612523008,5.512707074
1994,Added fats and oils,Pounds,Cream cheese,2.150912916,0,2.150912916,12,1.892803366,0,1.892803366,13,23.44,1.646738928,0.072185816,2.046431792,9,0.641016109,5.769144979
1995,Added fats and oils,Pounds,Cream cheese,2.035545824,0,2.035545824,12,1.791280325,0,1.791280325,13,23.44,1.558413883,0.068314033,1.936668685,9,0.606634352,5.45970917
1996,Added fats and oils,Pounds,Cream cheese,2.108218245,0,2.108218245,12,1.855232056,0,1.855232056,13,23.44,1.614051889,0.070752959,2.005811025,9,0.628292222,5.654630001
1997,Added fats and oils,Pounds,Cream cheese,2.247693135,0,2.247693135,12,1.977969959,0,1.977969959,13,23.44,1.720833864,0.075433813,2.138510888,9,0.669858597,6.02872737
1998,Added fats and oils,Pounds,Cream cheese,2.202422654,0,2.202422654,12,1.938131935,0,1.938131935,13,23.44,1.686174784,0.073914511,2.095439431,9,0.656367066,5.907303591
1999,Added fats and oils,Pounds,Cream cheese,2.255397512,0,2.255397512,12,1.984749811,0,1.984749811,13,23.44,1.726732335,0.075692376,2.145841023,9,0.672154659,6.049391929
2000,Added fats and oils,Pounds,Cream cheese,2.38740168,0,2.38740168,12,2.100913479,0,2.100913479,13,23.44,1.827794726,0.080122509,2.271433056,9,0.711494605,6.403451443
2001,Added fats and oils,Pounds,Cream cheese,2.212413074,0,2.212413074,12,1.946923505,0,1.946923505,13,23.44,1.693823449,0.074249795,2.104944564,9,0.659344416,5.93409974
2002,Added fats and oils,Pounds,Cream cheese,2.32745084,0,2.32745084,12,2.048156739,0,2.048156739,13,23.44,1.781896363,0.078110525,2.214394342,9,0.693628026,6.242652236
2003,Added fats and oils,Pounds,Cream cheese,2.296100169,0,2.296100169,12,2.020568149,0,2.020568149,13,23.44,1.757894289,0.07705838,2.184566538,9,0.684284884,6.158563958
2004,Added fats and oils,Pounds,Cream cheese,2.34117417,0,2.34117417,12,2.06023327,0,2.06023327,13,23.44,1.792402945,0.078571088,2.227451059,9,0.69771786,6.279460738
2005,Added fats and oils,Pounds,Cream cheese,2.376378525,0,2.376378525,12,2.091213102,0,2.091213102,13,23.44,1.819355399,0.079752565,2.260945354,9,0.708209479,6.373885309
2006,Added fats and oils,Pounds,Cream cheese,2.447443308,0,2.447443308,12,2.153750111,0,2.153750111,13,23.44,1.873762596,0.082137538,2.328558147,9,0.72938824,6.564494157
2007,Added fats and oils,Pounds,Cream cheese,2.492243088,0,2.492243088,12,2.193173917,0,2.193173917,13,23.44,1.908061308,0.083641044,2.371181766,9,0.742739492,6.684655426
2008,Added fats and oils,Pounds,Cream cheese,2.410626316,0,2.410626316,12,2.121351158,0,2.121351158,13,23.44,1.845575507,0.08090194,2.293529549,9,0.718416022,6.465744197
2009,Added fats and oils,Pounds,Cream cheese,2.390852464,0,2.390852464,12,2.103950168,0,2.103950168,13,23.44,1.830436647,0.080238319,2.274716217,9,0.712523009,6.412707082
2010,Added fats and oils,Pounds,Cream cheese,2.299255035,0,2.299255035,12,2.023344431,0,2.023344431,13,23.44,1.760309655,0.077164259,2.187568156,9,0.685225099,6.16702589
2011,Added fats and oils,Pounds,Cream cheese,2.197220619,0,2.197220619,12,1.933554144,0,1.933554144,13,23.44,1.682192106,0.073739928,2.090490087,9,0.654816753,5.893350775
2012,Added fats and oils,Pounds,Cream cheese,2.396550957,0,2.396550957,12,2.108964842,0,2.108964842,13,23.44,1.834799412,0.080429563,2.280137904,9,0.714221277,6.427991489
2013,Added fats and oils,Pounds,Cream cheese,2.463739538,0,2.463739538,12,2.168090794,0,2.168090794,13,23.44,1.886238991,0.082684449,2.344062784,9,0.73424485,6.608203652
2014,Added fats and oils,Pounds,Cream cheese,2.451458016,0,2.451458016,12,2.157283054,0,2.157283054,13,23.44,1.876836257,0.082272274,2.33237784,9,0.730584705,6.575262345
2015,Added fats and oils,Pounds,Cream cheese,2.495857967,0,2.495857967,12,2.196355011,0,2.196355011,13,23.44,1.91082886,0.083762361,2.374621053,9,0.7438168,6.694351201
2016,Added fats and oils,Pounds,Cream cheese,2.609489253,0,2.609489253,12,2.296350542,0,2.296350542,13,23.44,1.997824972,0.087575889,2.48273267,9,0.777681251,6.999131256
1970,Added fats and oils,Pounds,Eggnog,0.299043062,32.8,0.200956938,12,0.176842105,0,0.176842105,51,71.02336,0.086652632,0.003798472,0.107684768,9,0.008054821,0.072493386
1971,Added fats and oils,Pounds,Eggnog,0.357786943,32.8,0.240432826,12,0.211580886,0,0.211580886,51,71.02336,0.103674634,0.004544642,0.128838314,9,0.009637106,0.086733953
1972,Added fats and oils,Pounds,Eggnog,0.492154202,32.8,0.330727624,12,0.291040309,0,0.291040309,51,71.02336,0.142609751,0.006251386,0.177223678,9,0.013256331,0.11930698
1973,Added fats and oils,Pounds,Eggnog,0.378506508,32.8,0.254356373,12,0.223833609,0,0.223833609,51,71.02336,0.109678468,0.004807823,0.136299386,9,0.010195194,0.091756746
1974,Added fats and oils,Pounds,Eggnog,0.379672076,32.8,0.255139635,12,0.224522879,0,0.224522879,51,71.02336,0.110016211,0.004822628,0.136719104,9,0.010226589,0.092039301
1975,Added fats and oils,Pounds,Eggnog,0.352725501,32.8,0.237031536,12,0.208587752,0,0.208587752,51,71.02336,0.102207999,0.004480351,0.1270157,9,0.009500774,0.085506969
1976,Added fats and oils,Pounds,Eggnog,0.399884171,32.8,0.268722163,12,0.236475504,0,0.236475504,51,71.02336,0.115872997,0.005079364,0.143997437,9,0.010771008,0.096939074
1977,Added fats and oils,Pounds,Eggnog,0.427739352,32.8,0.287440845,12,0.252947943,0,0.252947943,51,71.02336,0.123944492,0.005433183,0.154028028,9,0.011521296,0.103691668
1978,Added fats and oils,Pounds,Eggnog,0.423242306,32.8,0.28441883,12,0.25028857,0,0.25028857,51,71.02336,0.122641399,0.005376061,0.152408651,9,0.011400167,0.102601504
1979,Added fats and oils,Pounds,Eggnog,0.418583318,32.8,0.28128799,12,0.247533431,0,0.247533431,51,71.02336,0.121291381,0.005316882,0.150730959,9,0.011274676,0.101472082
1980,Added fats and oils,Pounds,Eggnog,0.418087798,32.8,0.280955001,12,0.2472404,0,0.2472404,51,71.02336,0.121147796,0.005310588,0.150552524,9,0.011261329,0.101351959
1981,Added fats and oils,Pounds,Eggnog,0.43579441,32.8,0.292853843,12,0.257711382,0,0.257711382,51,71.02336,0.126278577,0.005535499,0.156928637,9,0.011738262,0.105644358
1982,Added fats and oils,Pounds,Eggnog,0.448926031,32.8,0.301678293,12,0.265476898,0,0.265476898,51,71.02336,0.13008368,0.005702298,0.161657305,9,0.012091966,0.108827698
1983,Added fats and oils,Pounds,Eggnog,0.479058308,32.8,0.321927183,12,0.283295921,0,0.283295921,51,71.02336,0.138815001,0.006085041,0.172507874,9,0.012903589,0.116132301
1984,Added fats and oils,Pounds,Eggnog,0.491890173,32.8,0.330550196,12,0.290884173,0,0.290884173,51,71.02336,0.142533245,0.006248033,0.177128601,9,0.013249219,0.119242974
1985,Added fats and oils,Pounds,Eggnog,0.50856576,32.8,0.341756191,12,0.300745448,0,0.300745448,51,71.02336,0.14736527,0.006459847,0.183133445,9,0.013698382,0.123285435
1986,Added fats and oils,Pounds,Eggnog,0.503887429,32.8,0.338612352,12,0.29797887,0,0.29797887,51,71.02336,0.146009646,0.006400423,0.181448788,9,0.013572369,0.122151324
1987,Added fats and oils,Pounds,Eggnog,0.511785512,32.8,0.343919864,12,0.302649481,0,0.302649481,51,71.02336,0.148298245,0.006500745,0.184292871,9,0.013785107,0.12406596
1988,Added fats and oils,Pounds,Eggnog,0.52760952,32.8,0.354553597,12,0.312007166,0,0.312007166,51,71.02336,0.152883511,0.006701743,0.189991062,9,0.014211331,0.127901983
1989,Added fats and oils,Pounds,Eggnog,0.502392441,32.8,0.337607721,12,0.297094794,0,0.297094794,51,71.02336,0.145576449,0.006381433,0.180910446,9,0.013532101,0.121788912
1990,Added fats and oils,Pounds,Eggnog,0.492743057,32.8,0.331123334,12,0.291388534,0,0.291388534,51,71.02336,0.142780382,0.006258866,0.177435723,9,0.013272192,0.119449729
1991,Added fats and oils,Pounds,Eggnog,0.438768129,32.8,0.294852183,12,0.259469921,0,0.259469921,51,71.02336,0.127140261,0.005573272,0.157999467,9,0.01181836,0.106365241
1992,Added fats and oils,Pounds,Eggnog,0.44831861,32.8,0.301270106,12,0.265117693,0,0.265117693,51,71.02336,0.12990767,0.005694583,0.161438575,9,0.012075605,0.108680448
1993,Added fats and oils,Pounds,Eggnog,0.411666712,32.8,0.27664003,12,0.243443227,0,0.243443227,51,71.02336,0.119287181,0.005229027,0.148240304,9,0.011088375,0.099795373
1994,Added fats and oils,Pounds,Eggnog,0.410449747,32.8,0.27582223,12,0.242723562,0,0.242723562,51,71.02336,0.118934545,0.005213569,0.147802078,9,0.011055595,0.099500359
1995,Added fats and oils,Pounds,Eggnog,0.420613044,32.8,0.282651965,12,0.248733729,0,0.248733729,51,71.02336,0.121879527,0.005342664,0.151461859,9,0.011329347,0.101964124
1996,Added fats and oils,Pounds,Eggnog,0.382339622,32.8,0.256932226,12,0.226100359,0,0.226100359,51,71.02336,0.110789176,0.004856512,0.137679682,9,0.01029844,0.092685962
1997,Added fats and oils,Pounds,Eggnog,0.374110113,32.8,0.251401996,12,0.221233756,0,0.221233756,51,71.02336,0.108404541,0.00475198,0.134716253,9,0.010076776,0.090690982
1998,Added fats and oils,Pounds,Eggnog,0.369760816,32.8,0.248479268,12,0.218661756,0,0.218661756,51,71.02336,0.10714426,0.004696735,0.13315008,9,0.009959626,0.089636634
1999,Added fats and oils,Pounds,Eggnog,0.390625,32.8,0.2625,12,0.231,0,0.231,51,71.02336,0.11319,0.004961753,0.140663229,9,0.01052161,0.094694486
2000,Added fats and oils,Pounds,Eggnog,0.448617576,32.8,0.301471011,12,0.26529449,0,0.26529449,51,71.02336,0.1299943,0.00569838,0.161546232,9,0.012083658,0.108752923
2001,Added fats and oils,Pounds,Eggnog,0.436586321,32.8,0.293386007,12,0.258179687,0,0.258179687,51,71.02336,0.126508046,0.005545558,0.157213802,9,0.011759592,0.105836332
2002,Added fats and oils,Pounds,Eggnog,0.52238643,32.8,0.351043681,12,0.308918439,0,0.308918439,51,71.02336,0.151370035,0.006635399,0.188110238,9,0.014070646,0.126635813
2003,Added fats and oils,Pounds,Eggnog,0.52853024,32.8,0.355172321,12,0.312551643,0,0.312551643,51,71.02336,0.153150305,0.006713438,0.190322611,9,0.014236131,0.128125182
2004,Added fats and oils,Pounds,Eggnog,0.502385838,32.8,0.337603283,12,0.297090889,0,0.297090889,51,71.02336,0.145574536,0.00638135,0.180908068,9,0.013531923,0.121787311
2005,Added fats and oils,Pounds,Eggnog,0.497731735,32.8,0.334475726,12,0.294338639,0,0.294338639,51,71.02336,0.144225933,0.006322233,0.179232135,9,0.013406564,0.120659074
2006,Added fats and oils,Pounds,Eggnog,0.505522891,32.8,0.339711383,12,0.298946017,0,0.298946017,51,71.02336,0.146483548,0.006421197,0.182037714,9,0.013616421,0.122547789
2007,Added fats and oils,Pounds,Eggnog,0.46866283,32.8,0.314941422,12,0.277148451,0,0.277148451,51,71.02336,0.135802741,0.005952997,0.168764485,9,0.012623583,0.113612251
2008,Added fats and oils,Pounds,Eggnog,0.468370658,32.8,0.314745082,12,0.276975672,0,0.276975672,51,71.02336,0.135718079,0.005949286,0.168659274,9,0.012615714,0.113541423
2009,Added fats and oils,Pounds,Eggnog,0.462310845,32.8,0.310672888,12,0.273392141,0,0.273392141,51,71.02336,0.133962149,0.005872313,0.166477148,9,0.012452491,0.112072416
2010,Added fats and oils,Pounds,Eggnog,0.455152425,32.8,0.30586243,12,0.269158938,0,0.269158938,51,71.02336,0.13188788,0.005781387,0.163899417,9,0.012259676,0.110337087
2011,Added fats and oils,Pounds,Eggnog,0.451786186,32.8,0.303600317,12,0.267168279,0,0.267168279,51,71.02336,0.130912457,0.005738628,0.162687241,9,0.012169006,0.109521051
2012,Added fats and oils,Pounds,Eggnog,0.426613011,32.8,0.286683944,12,0.25228187,0,0.25228187,51,71.02336,0.123618116,0.005418876,0.153622435,9,0.011490958,0.103418623
2013,Added fats and oils,Pounds,Eggnog,0.42050348,32.8,0.282578338,12,0.248668938,0,0.248668938,51,71.02336,0.12184778,0.005341273,0.151422405,9,0.011326396,0.101937563
2014,Added fats and oils,Pounds,Eggnog,0.413911008,32.8,0.278148198,12,0.244770414,0,0.244770414,51,71.02336,0.119937503,0.005257534,0.149048471,9,0.011148826,0.10033943
2015,Added fats and oils,Pounds,Eggnog,0.391462549,32.8,0.263062833,12,0.231495293,0,0.231495293,51,71.02336,0.113432694,0.004972392,0.140964828,9,0.010544169,0.094897523
2016,Added fats and oils,Pounds,Eggnog,0.413571228,32.8,0.277919865,12,0.244569481,0,0.244569481,51,71.02336,0.119839046,0.005253218,0.148926116,9,0.011139674,0.100257062
