Year,Variable,Unit,Commodity,Primary weight,Loss from primary to retail weight,Retail weight,Loss from retail/institutional to consumer level,Consumer weight,Nonedible share,Edible weight,Other (cooking loss and uneaten food),"Total loss, all levels",Per capita availability (lbs/year),Per capita availability (oz/day),Per capita availability (g/day),Calories per cup-equivalent,Grams per cup-equivalent ,Calories available daily ,Food pattern equivalents available daily
1970,Grains,Pounds,White and whole wheat flour,103.9547996,0,103.9547996,12,91.48022367,0,91.48022367,20,29.6,73.18417893,3.208073597,90.94728244,82,24,310.7365483,3.789470102
1971,Grains,Pounds,White and whole wheat flour,103.6765711,0,103.6765711,12,91.23538255,0,91.23538255,20,29.6,72.98830604,3.199487388,90.7038677,82,24,309.9048813,3.779327821
1972,Grains,Pounds,White and whole wheat flour,102.7321297,0,102.7321297,12,90.40427416,0,90.40427416,20,29.6,72.32341933,3.170341669,89.87760115,82,24,307.0818039,3.744900048
1973,Grains,Pounds,White and whole wheat flour,105.0050996,0,105.0050996,12,92.40448763,0,92.40448763,20,29.6,73.9235901,3.240486142,91.86616187,82,24,313.8760531,3.827756745
1974,Grains,Pounds,White and whole wheat flour,104.1295085,0,104.1295085,12,91.63396744,0,91.63396744,20,29.6,73.30717395,3.21346516,91.10013054,82,24,311.2587794,3.795838773
1975,Grains,Pounds,White and whole wheat flour,107.6637723,0,107.6637723,12,94.7441196,0,94.7441196,20,29.6,75.79529568,3.322533509,94.19216372,82,24,321.8232261,3.924673488
1976,Grains,Pounds,White and whole wheat flour,111.9232294,0,111.9232294,12,98.49244184,0,98.49244184,20,29.6,78.79395348,3.453981522,97.91864916,82,24,334.5553846,4.079943715
1977,Grains,Pounds,White and whole wheat flour,107.938356,0,107.938356,12,94.98575326,0,94.98575326,20,29.6,75.98860261,3.331007238,94.43238968,82,24,322.6439981,3.934682903
1978,Grains,Pounds,White and whole wheat flour,108.5185924,0,108.5185924,12,95.49636128,0,95.49636128,20,29.6,76.39708903,3.348913492,94.94002303,82,24,324.378412,3.955834293
1979,Grains,Pounds,White and whole wheat flour,109.0278633,0,109.0278633,12,95.94451972,0,95.94451972,20,29.6,76.75561578,3.364629733,95.38557061,82,24,325.9006996,3.974398775
1980,Grains,Pounds,White and whole wheat flour,110.2628088,0,110.2628088,12,97.03127176,0,97.03127176,20,29.6,77.62501741,3.402740489,96.46599149,82,24,329.5921376,4.019416312
1981,Grains,Pounds,White and whole wheat flour,109.732058,0,109.732058,12,96.56421105,0,96.56421105,20,29.6,77.25136884,3.386361374,96.00165177,82,24,328.0056435,4.000068824
1982,Grains,Pounds,White and whole wheat flour,110.7397799,0,110.7397799,12,97.45100628,0,97.45100628,20,29.6,77.96080502,3.417459946,96.88328075,82,24,331.0178759,4.036803364
1983,Grains,Pounds,White and whole wheat flour,111.2582044,0,111.2582044,12,97.90721983,0,97.90721983,20,29.6,78.32577586,3.433458668,97.33683651,82,24,332.5675247,4.055701521
1984,Grains,Pounds,White and whole wheat flour,111.9890951,0,111.9890951,12,98.55040369,0,98.55040369,20,29.6,78.84032295,3.456014157,97.97627334,82,24,334.7522672,4.082344722
1985,Grains,Pounds,White and whole wheat flour,116.4861864,0,116.4861864,12,102.507844,0,102.507844,20,29.6,82.00627522,3.594795626,101.9106586,82,24,348.1947502,4.246277442
1986,Grains,Pounds,White and whole wheat flour,116.6939792,0,116.6939792,12,102.6907017,0,102.6907017,20,29.6,82.15256138,3.60120817,102.092451,82,24,348.8158743,4.253852126
1987,Grains,Pounds,White and whole wheat flour,119.19743,0,119.19743,12,104.8937384,0,104.8937384,20,29.6,83.91499072,3.678465346,104.2826533,82,24,356.2990656,4.345110556
1988,Grains,Pounds,White and whole wheat flour,122.4402918,0,122.4402918,12,107.7474567,0,107.7474567,20,29.6,86.19796539,3.778540949,107.1197466,82,24,365.9924676,4.463322776
1989,Grains,Pounds,White and whole wheat flour,119.8218514,0,119.8218514,12,105.4432293,0,105.4432293,20,29.6,84.35458341,3.697735163,104.828943,82,24,358.1655553,4.367872625
1990,Grains,Pounds,White and whole wheat flour,124.1908646,0,124.1908646,12,109.2879608,0,109.2879608,20,29.6,87.43036865,3.832564105,108.6512761,82,24,371.2251933,4.527136504
1991,Grains,Pounds,White and whole wheat flour,124.6923476,0,124.6923476,12,109.7292659,0,109.7292659,20,29.6,87.78341273,3.84804001,109.0900103,82,24,372.7242018,4.545417095
1992,Grains,Pounds,White and whole wheat flour,124.717571,0,124.717571,12,109.7514625,0,109.7514625,20,29.6,87.80116999,3.848818411,109.1120775,82,24,372.7995982,4.546336564
1993,Grains,Pounds,White and whole wheat flour,128.5770863,0,128.5770863,12,113.147836,0,113.147836,20,29.6,90.51826878,3.967924111,112.4886646,82,24,384.3362706,4.687027691
1994,Grains,Pounds,White and whole wheat flour,129.1641957,0,129.1641957,12,113.6644923,0,113.6644923,20,29.6,90.93159381,3.986042468,113.002311,82,24,386.0912291,4.708429623
1995,Grains,Pounds,White and whole wheat flour,126.9101819,0,126.9101819,12,111.6809601,0,111.6809601,20,29.6,89.34476808,3.916482984,111.0303344,82,24,379.3536424,4.626263932
1996,Grains,Pounds,White and whole wheat flour,132.8746411,0,132.8746411,12,116.9296842,0,116.9296842,20,29.6,93.54374734,4.100547828,116.2484807,82,24,397.1823089,4.843686694
1997,Grains,Pounds,White and whole wheat flour,134.4623429,0,134.4623429,12,118.3268617,0,118.3268617,20,29.6,94.66148937,4.149544739,117.6375186,82,24,401.9281885,4.901563275
1998,Grains,Pounds,White and whole wheat flour,131.6193593,0,131.6193593,12,115.8250362,0,115.8250362,20,29.6,92.66002892,4.061809487,115.1502681,82,24,393.4300825,4.797927835
1999,Grains,Pounds,White and whole wheat flour,133.2772656,0,133.2772656,12,117.2839937,0,117.2839937,20,29.6,93.82719496,4.11297293,116.6007261,82,24,398.3858141,4.858363586
2000,Grains,Pounds,White and whole wheat flour,133.7058663,0,133.7058663,12,117.6611624,0,117.6611624,20,29.6,94.1289299,4.126199667,116.9756974,82,24,399.6669663,4.873987394
2001,Grains,Pounds,White and whole wheat flour,128.095436,0,128.095436,12,112.7239837,0,112.7239837,20,29.6,90.17918695,3.95306025,112.0672816,82,24,382.8965453,4.669470065
2002,Grains,Pounds,White and whole wheat flour,124.0154125,0,124.0154125,12,109.133563,0,109.133563,20,29.6,87.30685037,3.827149605,108.4977777,82,24,370.7007406,4.520740739
2003,Grains,Pounds,White and whole wheat flour,125.0189119,0,125.0189119,12,110.0166425,0,110.0166425,20,29.6,88.01331401,3.858117874,109.3757127,82,24,373.7003517,4.557321362
2004,Grains,Pounds,White and whole wheat flour,124.074912,0,124.074912,12,109.1859226,0,109.1859226,20,29.6,87.34873805,3.828985778,108.5498323,82,24,370.8785937,4.522909679
2005,Grains,Pounds,White and whole wheat flour,122.5964793,0,122.5964793,12,107.8849018,0,107.8849018,20,29.6,86.30792142,3.783360939,107.2563909,82,24,366.4593357,4.469016289
2006,Grains,Pounds,White and whole wheat flour,123.5987158,0,123.5987158,12,108.7668699,0,108.7668699,20,29.6,87.01349595,3.814290234,108.133221,82,24,369.4551717,4.505550874
2007,Grains,Pounds,White and whole wheat flour,125.9338586,0,125.9338586,12,110.8217956,0,110.8217956,20,29.6,88.65743644,3.886353378,110.1761751,82,24,376.4352649,4.590673962
2008,Grains,Pounds,White and whole wheat flour,125.2231231,0,125.2231231,12,110.1963484,0,110.1963484,20,29.6,88.15707869,3.864419888,109.5543716,82,24,374.3107697,4.564765484
2009,Grains,Pounds,White and whole wheat flour,123.1310971,0,123.1310971,12,108.3553655,0,108.3553655,20,29.6,86.68429238,3.799859392,107.7241138,82,24,368.0573889,4.488504743
2010,Grains,Pounds,White and whole wheat flour,122.8645176,0,122.8645176,12,108.1207755,0,108.1207755,20,29.6,86.49662042,3.791632676,107.4908905,82,24,367.2605427,4.478787106
2011,Grains,Pounds,White and whole wheat flour,132.4649769,0,132.4649769,12,116.5691797,0,116.5691797,20,29.6,93.25534373,4.087905478,115.8900764,82,24,395.9577609,4.828753182
2012,Grains,Pounds,White and whole wheat flour,134.32963,0,134.32963,12,118.2100744,0,118.2100744,20,29.6,94.56805952,4.145449185,117.5214117,82,24,401.5314898,4.896725486
2013,Grains,Pounds,White and whole wheat flour,135.0221677,0,135.0221677,12,118.8195076,0,118.8195076,20,29.6,95.05560606,4.166821087,118.1272944,82,24,403.6015893,4.921970601
2014,Grains,Pounds,White and whole wheat flour,134.6734901,0,134.6734901,12,118.5126713,0,118.5126713,20,29.6,94.81013706,4.156060803,117.8222457,82,24,402.5593396,4.909260238
2015,Grains,Pounds,White and whole wheat flour,133.0365588,0,133.0365588,12,117.0721717,0,117.0721717,20,29.6,93.65773739,4.105544653,116.3901381,82,24,397.6663053,4.849589089
2016,Grains,Pounds,White and whole wheat flour,131.6636841,0,131.6636841,12,115.864042,0,115.864042,20,29.6,92.69123361,4.063177364,115.1890467,82,24,393.5625761,4.799543611
2017,Grains,Pounds,White and whole wheat flour,131.8273405,0,131.8273405,12,116.0080596,0,116.0080596,20,29.6,92.80644772,4.068227845,115.3322253,82,24,394.0517698,4.805509387
1970,Grains,Pounds,Durum flour,6.9,0,6.9,12,6.072,0,6.072,20,29.6,4.8576,0.21293589,6.036626025,106,28.5,22.45201258,0.211811439
1971,Grains,Pounds,Durum flour,6.8,0,6.8,12,5.984,0,5.984,20,29.6,4.7872,0.209849863,5.949138692,106,28.5,22.1266211,0.208741708
1972,Grains,Pounds,Durum flour,7.1,0,7.1,12,6.248,0,6.248,20,29.6,4.9984,0.219107945,6.211600693,106,28.5,23.10279556,0.217950901
1973,Grains,Pounds,Durum flour,7.8,0,7.8,12,6.864,0,6.864,20,29.6,5.4912,0.240710137,6.824012028,106,28.5,25.38053597,0.239439019
1974,Grains,Pounds,Durum flour,6.8,0,6.8,12,5.984,0,5.984,20,29.6,4.7872,0.209849863,5.949138692,106,28.5,22.1266211,0.208741708
1975,Grains,Pounds,Durum flour,6.8,0,6.8,12,5.984,0,5.984,20,29.6,4.7872,0.209849863,5.949138692,106,28.5,22.1266211,0.208741708
1976,Grains,Pounds,Durum flour,7.1,0,7.1,12,6.248,0,6.248,20,29.6,4.9984,0.219107945,6.211600693,106,28.5,23.10279556,0.217950901
1977,Grains,Pounds,Durum flour,7.5,0,7.5,12,6.6,0,6.6,20,29.6,5.28,0.231452055,6.561550027,106,28.5,24.40436151,0.230229826
1978,Grains,Pounds,Durum flour,6.7,0,6.7,12,5.896,0,5.896,20,29.6,4.7168,0.206763836,5.861651358,106,28.5,21.80122961,0.205671977
1979,Grains,Pounds,Durum flour,7.3,0,7.3,12,6.424,0,6.424,20,29.6,5.1392,0.22528,6.38657536,106,28.5,23.75357853,0.224090364
1980,Grains,Pounds,Durum flour,6.6,0,6.6,12,5.808,0,5.808,20,29.6,4.6464,0.203677808,5.774164024,106,28.5,21.47583812,0.202602246
1981,Grains,Pounds,Durum flour,6.1,0,6.1,12,5.368,0,5.368,20,29.6,4.2944,0.188247671,5.336727356,106,28.5,19.84888069,0.187253591
1982,Grains,Pounds,Durum flour,6.1,0,6.1,12,5.368,0,5.368,20,29.6,4.2944,0.188247671,5.336727356,106,28.5,19.84888069,0.187253591
1983,Grains,Pounds,Durum flour,6.4,0,6.4,12,5.632,0,5.632,20,29.6,4.5056,0.197505753,5.599189357,106,28.5,20.82505515,0.196462784
1984,Grains,Pounds,Durum flour,7.1,0,7.1,12,6.248,0,6.248,20,29.6,4.9984,0.219107945,6.211600693,106,28.5,23.10279556,0.217950901
1985,Grains,Pounds,Durum flour,8.1,0,8.1,12,7.128,0,7.128,20,29.6,5.7024,0.249968219,7.08647403,106,28.5,26.35671043,0.248648212
1986,Grains,Pounds,Durum flour,8.9,0,8.9,12,7.832,0,7.832,20,29.6,6.2656,0.274656438,7.786372699,106,28.5,28.95984232,0.27320606
1987,Grains,Pounds,Durum flour,10.6,0,10.6,12,9.328,0,9.328,20,29.6,7.4624,0.327118904,9.273657372,106,28.5,34.49149759,0.325391487
1988,Grains,Pounds,Durum flour,9.2,0,9.2,12,8.096,0,8.096,20,29.6,6.4768,0.283914521,8.0488347,106,28.5,29.93601678,0.282415253
1989,Grains,Pounds,Durum flour,9.3,0,9.3,12,8.184,0,8.184,20,29.6,6.5472,0.287000548,8.136322034,106,28.5,30.26140827,0.285484984
1990,Grains,Pounds,Durum flour,11.37627032,0,11.37627032,12,10.01111788,0,10.01111788,20,29.6,8.008894308,0.351074819,9.95279558,106,28.5,37.01741514,0.349220898
1991,Grains,Pounds,Durum flour,10.99764613,0,10.99764613,12,9.677928594,0,9.677928594,20,29.6,7.742342875,0.339390373,9.621547369,106,28.5,35.78540425,0.337598153
1992,Grains,Pounds,Durum flour,13.33175847,0,13.33175847,12,11.73194746,0,11.73194746,20,29.6,9.385557965,0.411421719,11.66360002,106,28.5,43.3804071,0.409249124
1993,Grains,Pounds,Durum flour,13.56929342,0,13.56929342,12,11.94097821,0,11.94097821,20,29.6,9.552782567,0.418752113,11.87141301,106,28.5,44.1533256,0.416540808
1994,Grains,Pounds,Durum flour,13.77997376,0,13.77997376,12,12.12637691,0,12.12637691,20,29.6,9.701101531,0.425253766,12.05573163,106,28.5,44.83886151,0.423008127
1995,Grains,Pounds,Durum flour,13.05651546,0,13.05651546,12,11.4897336,0,11.4897336,20,29.6,9.191786881,0.402927644,11.42279725,106,28.5,42.48478976,0.400799903
1996,Grains,Pounds,Durum flour,13.50928653,0,13.50928653,12,11.88817214,0,11.88817214,20,29.6,9.510537716,0.416900283,11.81891459,106,28.5,43.95806828,0.414698757
1997,Grains,Pounds,Durum flour,12.30722035,0,12.30722035,12,10.83035391,0,10.83035391,20,29.6,8.664283129,0.379804192,10.76725894,106,28.5,40.04664728,0.377798559
1998,Grains,Pounds,Durum flour,11.3779024,0,11.3779024,12,10.01255411,0,10.01255411,20,29.6,8.010043289,0.351125185,9.95422344,106,28.5,37.02272578,0.349270998
1999,Grains,Pounds,Durum flour,10.68686447,0,10.68686447,12,9.404440732,0,9.404440732,20,29.6,7.523552586,0.329799565,9.349652779,106,28.5,34.77414718,0.328057992
2000,Grains,Pounds,Durum flour,12.62609189,0,12.62609189,12,11.11096086,0,11.11096086,20,29.6,8.888768688,0.389644655,11.04623114,106,28.5,41.08422811,0.387587058
2001,Grains,Pounds,Durum flour,13.00343541,0,13.00343541,12,11.44302316,0,11.44302316,20,29.6,9.154418532,0.401289579,11.37635893,106,28.5,42.31207182,0.399170489
2002,Grains,Pounds,Durum flour,12.83991552,0,12.83991552,12,11.29912566,0,11.29912566,20,29.6,9.03930053,0.396243311,11.23329974,106,28.5,41.77999202,0.394150868
2003,Grains,Pounds,Durum flour,11.80263609,0,11.80263609,12,10.38631976,0,10.38631976,20,29.6,8.309055807,0.364232583,10.32581162,106,28.5,38.40477305,0.36230918
2004,Grains,Pounds,Durum flour,10.56127514,0,10.56127514,12,9.29392212,0,9.29392212,20,29.6,7.435137696,0.325923844,9.239778021,106,28.5,34.36549018,0.324202738
2005,Grains,Pounds,Durum flour,11.78091226,0,11.78091226,12,10.36720279,0,10.36720279,20,29.6,8.293762231,0.36356218,10.30680602,106,28.5,38.33408556,0.361642317
2006,Grains,Pounds,Durum flour,12.22050726,0,12.22050726,12,10.75404639,0,10.75404639,20,29.6,8.60323711,0.377128202,10.69139596,106,28.5,39.76449025,0.375136701
2007,Grains,Pounds,Durum flour,12.33605392,0,12.33605392,12,10.85572745,0,10.85572745,20,29.6,8.684581957,0.380694004,10.79248465,106,28.5,40.14046924,0.378683672
2008,Grains,Pounds,Durum flour,11.37516089,0,11.37516089,12,10.01014159,0,10.01014159,20,29.6,8.008113269,0.351040582,9.95182497,106,28.5,37.01380515,0.349186841
2009,Grains,Pounds,Durum flour,11.52664186,0,11.52664186,12,10.14344483,0,10.14344483,20,29.6,8.114755867,0.355715326,10.08435162,106,28.5,37.50671131,0.353836899
2010,Grains,Pounds,Durum flour,11.95038661,0,11.95038661,12,10.51634022,0,10.51634022,20,29.6,8.413072175,0.368792205,10.45507461,106,28.5,38.88554067,0.366844723
2011,Grains,Pounds,Durum flour,,,,,,,,,,,,,,,,
2012,Grains,Pounds,Durum flour,,,,,,,,,,,,,,,,
2013,Grains,Pounds,Durum flour,,,,,,,,,,,,,,,,
2014,Grains,Pounds,Durum flour,,,,,,,,,,,,,,,,
2015,Grains,Pounds,Durum flour,,,,,,,,,,,,,,,,
2016,Grains,Pounds,Durum flour,,,,,,,,,,,,,,,,
2017,Grains,Pounds,Durum flour,,,,,,,,,,,,,,,,
1970,Grains,Pounds,Rye flour,1.20873784,0,1.20873784,12,1.063689299,0,1.063689299,20,29.6,0.85095144,0.037301981,1.057492508,80,16,5.287462539,0.066093282
1971,Grains,Pounds,Rye flour,1.150019858,0,1.150019858,12,1.012017475,0,1.012017475,20,29.6,0.80961398,0.035489928,1.006121711,80,16,5.030608554,0.062882607
1972,Grains,Pounds,Rye flour,1.050752213,0,1.050752213,12,0.924661947,0,0.924661947,20,29.6,0.739729558,0.032426501,0.919275095,80,16,4.596375473,0.057454693
1973,Grains,Pounds,Rye flour,1.27402422,0,1.27402422,12,1.121141313,0,1.121141313,20,29.6,0.896913051,0.039316736,1.114609821,80,16,5.573049103,0.069663114
1974,Grains,Pounds,Rye flour,1.241335262,0,1.241335262,12,1.092375031,0,1.092375031,20,29.6,0.873900024,0.038307946,1.086011123,80,16,5.430055615,0.067875695
1975,Grains,Pounds,Rye flour,0.979663241,0,0.979663241,12,0.862103652,0,0.862103652,20,29.6,0.689682921,0.030232676,0.857081249,80,16,4.285406243,0.053567578
1976,Grains,Pounds,Rye flour,0.804808955,0,0.804808955,12,0.70823188,0,0.70823188,20,29.6,0.566585504,0.024836625,0.704105896,80,16,3.520529479,0.044006618
1977,Grains,Pounds,Rye flour,0.735836919,0,0.735836919,12,0.647536488,0,0.647536488,20,29.6,0.518029191,0.022708129,0.643764101,80,16,3.218820503,0.040235256
1978,Grains,Pounds,Rye flour,0.74842986,0,0.74842986,12,0.658618276,0,0.658618276,20,29.6,0.526894621,0.023096751,0.654781329,80,16,3.273906644,0.040923833
1979,Grains,Pounds,Rye flour,0.700422129,0,0.700422129,12,0.616371474,0,0.616371474,20,29.6,0.493097179,0.021615219,0.612780646,80,16,3.063903228,0.03829879
1980,Grains,Pounds,Rye flour,0.712207056,0,0.712207056,12,0.626742209,0,0.626742209,20,29.6,0.501393767,0.021978905,0.623090964,80,16,3.115454818,0.038943185
1981,Grains,Pounds,Rye flour,0.684904581,0,0.684904581,12,0.602716031,0,0.602716031,20,29.6,0.482172825,0.021136343,0.599204756,80,16,2.99602378,0.037450297
1982,Grains,Pounds,Rye flour,0.639565317,0,0.639565317,12,0.562817479,0,0.562817479,20,29.6,0.450253983,0.019737161,0.559538643,80,16,2.797693216,0.034971165
1983,Grains,Pounds,Rye flour,0.672032642,0,0.672032642,12,0.591388725,0,0.591388725,20,29.6,0.47311098,0.020739111,0.58794344,80,16,2.939717199,0.036746465
1984,Grains,Pounds,Rye flour,0.666142702,0,0.666142702,12,0.586205578,0,0.586205578,20,29.6,0.468964462,0.020557346,0.582790489,80,16,2.913952445,0.036424406
1985,Grains,Pounds,Rye flour,0.660299493,0,0.660299493,12,0.581063554,0,0.581063554,20,29.6,0.464850843,0.020377023,0.577678421,80,16,2.888392104,0.036104901
1986,Grains,Pounds,Rye flour,0.654320266,0,0.654320266,12,0.575801834,0,0.575801834,20,29.6,0.460641468,0.020192503,0.572447355,80,16,2.862236775,0.03577796
1987,Grains,Pounds,Rye flour,0.648512722,0,0.648512722,12,0.570691195,0,0.570691195,20,29.6,0.456552956,0.02001328,0.567366489,80,16,2.836832446,0.035460406
1988,Grains,Pounds,Rye flour,0.642672995,0,0.642672995,12,0.565552236,0,0.565552236,20,29.6,0.452441788,0.019833065,0.562257468,80,16,2.811287339,0.035141092
1989,Grains,Pounds,Rye flour,0.636818507,0,0.636818507,12,0.560400286,0,0.560400286,20,29.6,0.448320229,0.019652394,0.557135532,80,16,2.78567766,0.034820971
1990,Grains,Pounds,Rye flour,0.630582444,0,0.630582444,12,0.554912551,0,0.554912551,20,29.6,0.443930041,0.019459947,0.551679767,80,16,2.758398836,0.034479985
1991,Grains,Pounds,Rye flour,0.622496417,0,0.622496417,12,0.547796847,0,0.547796847,20,29.6,0.438237478,0.01921041,0.544605518,80,16,2.723027588,0.034037845
1992,Grains,Pounds,Rye flour,0.600167702,0,0.600167702,12,0.528147578,0,0.528147578,20,29.6,0.422518062,0.01852134,0.525070721,80,16,2.625353603,0.03281692
1993,Grains,Pounds,Rye flour,0.612737795,0,0.612737795,12,0.539209259,0,0.539209259,20,29.6,0.431367407,0.018909256,0.536067959,80,16,2.680339796,0.033504247
1994,Grains,Pounds,Rye flour,0.566501857,0,0.566501857,12,0.498521635,0,0.498521635,20,29.6,0.398817308,0.017482403,0.49561737,80,16,2.478086852,0.030976086
1995,Grains,Pounds,Rye flour,0.560836691,0,0.560836691,12,0.493536288,0,0.493536288,20,29.6,0.394829031,0.017307574,0.490661068,80,16,2.453305338,0.030666317
1996,Grains,Pounds,Rye flour,0.57789529,0,0.57789529,12,0.508547855,0,0.508547855,20,29.6,0.406838284,0.017834007,0.505585181,80,16,2.527925905,0.031599074
1997,Grains,Pounds,Rye flour,0.544481132,0,0.544481132,12,0.479143396,0,0.479143396,20,29.6,0.383314717,0.016802837,0.476352025,80,16,2.381760125,0.029772002
1998,Grains,Pounds,Rye flour,0.593633523,0,0.593633523,12,0.522397501,0,0.522397501,20,29.6,0.417918,0.018319693,0.519354142,80,16,2.596770708,0.032459634
1999,Grains,Pounds,Rye flour,0.532200583,0,0.532200583,12,0.468336513,0,0.468336513,20,29.6,0.374669211,0.016423856,0.4656081,80,16,2.328040501,0.029100506
2000,Grains,Pounds,Rye flour,0.526165936,0,0.526165936,12,0.463026024,0,0.463026024,20,29.6,0.370420819,0.016237625,0.460328548,80,16,2.301642741,0.028770534
2001,Grains,Pounds,Rye flour,0.520709322,0,0.520709322,12,0.458224203,0,0.458224203,20,29.6,0.366579363,0.016069232,0.455554702,80,16,2.27777351,0.028472169
2002,Grains,Pounds,Rye flour,0.515503532,0,0.515503532,12,0.453643108,0,0.453643108,20,29.6,0.362914486,0.01590858,0.451000295,80,16,2.255001475,0.028187518
2003,Grains,Pounds,Rye flour,0.510642564,0,0.510642564,12,0.449365457,0,0.449365457,20,29.6,0.359492365,0.015758569,0.446747564,80,16,2.233737822,0.027921723
2004,Grains,Pounds,Rye flour,0.505968869,0,0.505968869,12,0.445252604,0,0.445252604,20,29.6,0.356202084,0.015614338,0.442658672,80,16,2.213293362,0.027666167
2005,Grains,Pounds,Rye flour,0.501298539,0,0.501298539,12,0.441142714,0,0.441142714,20,29.6,0.352914172,0.01547021,0.438572726,80,16,2.192863629,0.027410795
2006,Grains,Pounds,Rye flour,0.49669649,0,0.49669649,12,0.437092911,0,0.437092911,20,29.6,0.349674329,0.01532819,0.434546515,80,16,2.172732577,0.027159157
2007,Grains,Pounds,Rye flour,0.491858123,0,0.491858123,12,0.432835148,0,0.432835148,20,29.6,0.346268118,0.015178876,0.430313557,80,16,2.151567786,0.026894597
2008,Grains,Pounds,Rye flour,0.487106586,0,0.487106586,12,0.428653796,0,0.428653796,20,29.6,0.342923037,0.015032243,0.426156565,80,16,2.130782823,0.026634785
2009,Grains,Pounds,Rye flour,0.482809514,0,0.482809514,12,0.424872372,0,0.424872372,20,29.6,0.339897898,0.014899634,0.422397171,80,16,2.111985853,0.026399823
2010,Grains,Pounds,Rye flour,0.47870491,0,0.47870491,12,0.421260321,0,0.421260321,20,29.6,0.337008257,0.014772965,0.418806162,80,16,2.094030812,0.026175385
2011,Grains,Pounds,Rye flour,0.476745877,0,0.476745877,12,0.419536371,0,0.419536371,20,29.6,0.335629097,0.014712508,0.417092256,80,16,2.08546128,0.026068266
2012,Grains,Pounds,Rye flour,0.486199661,0,0.486199661,12,0.427855701,0,0.427855701,20,29.6,0.342284561,0.015004255,0.425363119,80,16,2.126815597,0.026585195
2013,Grains,Pounds,Rye flour,0.48701012,0,0.48701012,12,0.428568905,0,0.428568905,20,29.6,0.342855124,0.015029266,0.426072169,80,16,2.130360843,0.026629511
2014,Grains,Pounds,Rye flour,0.487820801,0,0.487820801,12,0.429282305,0,0.429282305,20,29.6,0.343425844,0.015054284,0.426781412,80,16,2.133907059,0.026673838
2015,Grains,Pounds,Rye flour,0.508053709,0,0.508053709,12,0.447087264,0,0.447087264,20,29.6,0.357669811,0.015678677,0.444482644,80,16,2.222413219,0.027780165
2016,Grains,Pounds,Rye flour,0.514280393,0,0.514280393,12,0.452566746,0,0.452566746,20,29.6,0.362053397,0.015870834,0.449930204,80,16,2.249651018,0.028120638
2017,Grains,Pounds,Rye flour,0.524572283,0,0.524572283,12,0.461623609,0,0.461623609,20,29.6,0.369298887,0.016188444,0.458934303,80,16,2.294671517,0.028683394
1970,Grains,Pounds,Rice,7.734131637,0,7.734131637,12,6.80603584,0,6.80603584,33,41.04,4.560044013,0.19989234,5.666847901,103,28.3495,20.58891105,0.19989234
1971,Grains,Pounds,Rice,7.098950917,0,7.098950917,12,6.247076807,0,6.247076807,33,41.04,4.185541461,0.18347579,5.20144691,103,28.3495,18.89800638,0.18347579
1972,Grains,Pounds,Rice,7.006045463,0,7.006045463,12,6.165320007,0,6.165320007,33,41.04,4.130764405,0.181074604,5.133374488,103,28.3495,18.65068422,0.181074604
1973,Grains,Pounds,Rice,7.573026518,0,7.573026518,12,6.664263336,0,6.664263336,33,41.04,4.465056435,0.195728501,5.548805147,103,28.3495,20.16003563,0.195728501
1974,Grains,Pounds,Rice,7.633385306,0,7.633385306,12,6.717379069,0,6.717379069,33,41.04,4.500643976,0.197288503,5.593030418,103,28.3495,20.32071582,0.197288503
1975,Grains,Pounds,Rice,7.13849561,0,7.13849561,12,6.281876137,0,6.281876137,33,41.04,4.208857012,0.184497842,5.230421561,103,28.3495,19.00327769,0.184497842
1976,Grains,Pounds,Rice,7.573219098,0,7.573219098,12,6.664432806,0,6.664432806,33,41.04,4.46516998,0.195733479,5.548946251,103,28.3495,20.16054829,0.195733479
1977,Grains,Pounds,Rice,5.662070728,0,5.662070728,12,4.98262224,0,4.98262224,33,41.04,3.338356901,0.146338933,4.148635571,103,28.3495,15.07291006,0.146338933
1978,Grains,Pounds,Rice,9.483531021,0,9.483531021,12,8.345507299,0,8.345507299,33,41.04,5.59148989,0.245106406,6.948644061,103,28.3495,25.24595983,0.245106406
1979,Grains,Pounds,Rice,9.493578719,0,9.493578719,12,8.354349273,0,8.354349273,33,41.04,5.597414013,0.245366094,6.956006074,103,28.3495,25.27270765,0.245366094
1980,Grains,Pounds,Rice,11.0422343,0,11.0422343,12,9.717166186,0,9.717166186,33,41.04,6.510501345,0.28539184,8.090715961,103,28.3495,29.3953595,0.28539184
1981,Grains,Pounds,Rice,11.92100884,0,11.92100884,12,10.49048778,0,10.49048778,33,41.04,7.02862681,0.308104189,8.734599704,103,28.3495,31.73473146,0.308104189
1982,Grains,Pounds,Rice,9.918107607,0,9.918107607,12,8.727934694,0,8.727934694,33,41.04,5.847716245,0.256338246,7.267061115,103,28.3495,26.40283937,0.256338246
1983,Grains,Pounds,Rice,8.684778975,0,8.684778975,12,7.642605498,0,7.642605498,33,41.04,5.120545684,0.224462277,6.363393309,103,28.3495,23.11961448,0.224462277
1984,Grains,Pounds,Rice,9.191864392,0,9.191864392,12,8.088840665,0,8.088840665,33,41.04,5.419523246,0.237568142,6.73493805,103,28.3495,24.46951865,0.237568142
1985,Grains,Pounds,Rice,11.71711557,0,11.71711557,12,10.3110617,0,10.3110617,33,41.04,6.90841134,0.30283447,8.585205798,103,28.3495,31.19195038,0.30283447
1986,Grains,Pounds,Rice,13.35759437,0,13.35759437,12,11.75468305,0,11.75468305,33,41.04,7.875637641,0.345233431,9.787195148,103,28.3495,35.55904338,0.345233431
1987,Grains,Pounds,Rice,14.08251669,0,14.08251669,12,12.39261469,0,12.39261469,33,41.04,8.30305184,0.363969396,10.31835038,103,28.3495,37.48884776,0.363969396
1988,Grains,Pounds,Rice,14.78161223,0,14.78161223,12,13.00781876,0,13.00781876,33,41.04,8.71523857,0.382037855,10.83058217,103,28.3495,39.34989908,0.382037855
1989,Grains,Pounds,Rice,15.75001137,0,15.75001137,12,13.86001001,0,13.86001001,33,41.04,9.286206705,0.407066595,11.54013444,103,28.3495,41.92785931,0.407066595
1990,Grains,Pounds,Rice,16.15205462,0,16.15205462,12,14.21380806,0,14.21380806,33,41.04,9.523251403,0.417457596,11.83471411,103,28.3495,42.99813236,0.417457596
1991,Grains,Pounds,Rice,16.54529996,0,16.54529996,12,14.55986397,0,14.55986397,33,41.04,9.755108858,0.42762121,12.1228475,103,28.3495,44.04498465,0.42762121
1992,Grains,Pounds,Rice,16.35331974,0,16.35331974,12,14.39092137,0,14.39092137,33,41.04,9.641917316,0.422659389,11.98218235,103,28.3495,43.53391709,0.422659389
1993,Grains,Pounds,Rice,16.99649343,0,16.99649343,12,14.95691422,0,14.95691422,33,41.04,10.02113253,0.439282522,12.45343985,103,28.3495,45.24609973,0.439282522
1994,Grains,Pounds,Rice,17.08585509,0,17.08585509,12,15.03555248,0,15.03555248,33,41.04,10.07382016,0.441592117,12.51891571,103,28.3495,45.48398802,0.441592117
1995,Grains,Pounds,Rice,18.01662033,0,18.01662033,12,15.85462589,0,15.85462589,33,41.04,10.62259935,0.465648191,13.20089338,103,28.3495,47.96176364,0.465648191
1996,Grains,Pounds,Rice,18.15517593,0,18.15517593,12,15.97655482,0,15.97655482,33,41.04,10.70429173,0.469229226,13.30241395,103,28.3495,48.33061032,0.469229226
1997,Grains,Pounds,Rice,17.82523154,0,17.82523154,12,15.68620375,0,15.68620375,33,41.04,10.50975651,0.460701655,13.06066158,103,28.3495,47.45227051,0.460701655
1998,Grains,Pounds,Rice,18.79555395,0,18.79555395,12,16.54008748,0,16.54008748,33,41.04,11.08185861,0.485780103,13.77162304,103,28.3495,50.03535066,0.485780103
1999,Grains,Pounds,Rice,18.87878388,0,18.87878388,12,16.61332981,0,16.61332981,33,41.04,11.13093097,0.487931221,13.83260614,103,28.3495,50.25691574,0.487931221
2000,Grains,Pounds,Rice,19.15904063,0,19.15904063,12,16.85995575,0,16.85995575,33,41.04,11.29617036,0.495174591,14.03795207,103,28.3495,51.00298286,0.495174591
2001,Grains,Pounds,Rice,19.42565413,0,19.42565413,12,17.09457564,0,17.09457564,33,41.04,11.45336568,0.502065345,14.23330149,103,28.3495,51.7127305,0.502065345
2002,Grains,Pounds,Rice,19.07139278,0,19.07139278,12,16.78282564,0,16.78282564,33,41.04,11.24449318,0.49290929,13.97373192,103,28.3495,50.76965688,0.49290929
2003,Grains,Pounds,Rice,19.40832602,0,19.40832602,12,17.0793269,0,17.0793269,33,41.04,11.44314902,0.501617491,14.22060507,103,28.3495,51.6666016,0.501617491
2004,Grains,Pounds,Rice,19.35664539,0,19.35664539,12,17.03384794,0,17.03384794,33,41.04,11.41267812,0.500281781,14.18273834,103,28.3495,51.52902341,0.500281781
2005,Grains,Pounds,Rice,19.37373218,0,19.37373218,12,17.04888432,0,17.04888432,33,41.04,11.4227525,0.500723397,14.19525795,103,28.3495,51.5745099,0.500723397
2006,Grains,Pounds,Rice,20.30807297,0,20.30807297,12,17.87110422,0,17.87110422,33,41.04,11.97363983,0.524871883,14.87985544,103,28.3495,54.06180392,0.524871883
2007,Grains,Pounds,Rice,20.2892763,0,20.2892763,12,17.85456315,0,17.85456315,33,41.04,11.96255731,0.524386074,14.866083,103,28.3495,54.0117656,0.524386074
2008,Grains,Pounds,Rice,20.47738356,0,20.47738356,12,18.02009754,0,18.02009754,33,41.04,12.07346535,0.529247796,15.0039104,103,28.3495,54.512523,0.529247796
2009,Grains,Pounds,Rice,20.43389122,0,20.43389122,12,17.98182427,0,17.98182427,33,41.04,12.04782226,0.528123716,14.97204328,103,28.3495,54.39674271,0.528123716
2010,Grains,Pounds,Rice,20.42767848,0,20.42767848,12,17.97635706,0,17.97635706,33,41.04,12.04415923,0.527963144,14.96749116,103,28.3495,54.38020387,0.527963144
2011,Grains,Pounds,Rice,,,,,,,,,,,,,,,,
2012,Grains,Pounds,Rice,,,,,,,,,,,,,,,,
2013,Grains,Pounds,Rice,,,,,,,,,,,,,,,,
2014,Grains,Pounds,Rice,,,,,,,,,,,,,,,,
2015,Grains,Pounds,Rice,,,,,,,,,,,,,,,,
2016,Grains,Pounds,Rice,,,,,,,,,,,,,,,,
2017,Grains,Pounds,Rice,,,,,,,,,,,,,,,,
1970,Grains,Pounds,Corn flour and meal,7,0,7,12,6.16,0,6.16,20,29.6,4.928,0.216021918,6.124113359,64,17.55,22.332949,0.348952328
1971,Grains,Pounds,Corn flour and meal,6.7,0,6.7,12,5.896,0,5.896,20,29.6,4.7168,0.206763836,5.861651358,64,17.55,21.37582262,0.333997228
1972,Grains,Pounds,Corn flour and meal,6.2,0,6.2,12,5.456,0,5.456,20,29.6,4.3648,0.191333699,5.424214689,64,17.55,19.78061197,0.309072062
1973,Grains,Pounds,Corn flour and meal,5.9,0,5.9,12,5.192,0,5.192,20,29.6,4.1536,0.182075616,5.161752688,64,17.55,18.82348559,0.294116962
1974,Grains,Pounds,Corn flour and meal,5.8,0,5.8,12,5.104,0,5.104,20,29.6,4.0832,0.178989589,5.074265355,64,17.55,18.50444346,0.289131929
1975,Grains,Pounds,Corn flour and meal,6,0,6,12,5.28,0,5.28,20,29.6,4.224,0.185161644,5.249240022,64,17.55,19.14252772,0.299101996
1976,Grains,Pounds,Corn flour and meal,5.8,0,5.8,12,5.104,0,5.104,20,29.6,4.0832,0.178989589,5.074265355,64,17.55,18.50444346,0.289131929
1977,Grains,Pounds,Corn flour and meal,6.6,0,6.6,12,5.808,0,5.808,20,29.6,4.6464,0.203677808,5.774164024,64,17.55,21.05678049,0.329012195
1978,Grains,Pounds,Corn flour and meal,6.8,0,6.8,12,5.984,0,5.984,20,29.6,4.7872,0.209849863,5.949138692,64,17.55,21.69486474,0.338982262
1979,Grains,Pounds,Corn flour and meal,7.1,0,7.1,12,6.248,0,6.248,20,29.6,4.9984,0.219107945,6.211600693,64,17.55,22.65199113,0.353937361
1980,Grains,Pounds,Corn flour and meal,7.4,0,7.4,12,6.512,0,6.512,20,29.6,5.2096,0.228366027,6.474062694,64,17.55,23.60911752,0.368892461
1981,Grains,Pounds,Corn flour and meal,7.7,0,7.7,12,6.776,0,6.776,20,29.6,5.4208,0.23762411,6.736524695,64,17.55,24.5662439,0.383847561
1982,Grains,Pounds,Corn flour and meal,8,0,8,12,7.04,0,7.04,20,29.6,5.632,0.246882192,6.998986696,64,17.55,25.52337029,0.398802661
1983,Grains,Pounds,Corn flour and meal,8.4,0,8.4,12,7.392,0,7.392,20,29.6,5.9136,0.259226301,7.348936031,64,17.55,26.7995388,0.418742794
1984,Grains,Pounds,Corn flour and meal,9.4,0,9.4,12,8.272,0,8.272,20,29.6,6.6176,0.290086575,8.223809368,64,17.55,29.98996009,0.468593126
1985,Grains,Pounds,Corn flour and meal,10.3,0,10.3,12,9.064,0,9.064,20,29.6,7.2512,0.317860822,9.011195371,64,17.55,32.86133924,0.513458426
1986,Grains,Pounds,Corn flour and meal,12,0,12,12,10.56,0,10.56,20,29.6,8.448,0.370323288,10.49848004,64,17.55,38.28505543,0.598203991
1987,Grains,Pounds,Corn flour and meal,14,0,14,12,12.32,0,12.32,20,29.6,9.856,0.432043836,12.24822672,64,17.55,44.665898,0.697904656
1988,Grains,Pounds,Corn flour and meal,14.3,0,14.3,12,12.584,0,12.584,20,29.6,10.0672,0.441301918,12.51068872,64,17.55,45.62302439,0.712859756
1989,Grains,Pounds,Corn flour and meal,14.6,0,14.6,12,12.848,0,12.848,20,29.6,10.2784,0.45056,12.77315072,64,17.55,46.58015077,0.727814856
1990,Grains,Pounds,Corn flour and meal,14.44605915,0,14.44605915,12,12.71253206,0,12.71253206,20,29.6,10.17002564,0.445809343,12.63847198,64,17.55,46.08901462,0.720140853
1991,Grains,Pounds,Corn flour and meal,14.94989663,0,14.94989663,12,13.15590904,0,13.15590904,20,29.6,10.52472723,0.461357906,13.07926595,64,17.55,47.69646843,0.745257319
1992,Grains,Pounds,Corn flour and meal,15.3,0,15.3,12,13.464,0,13.464,20,29.6,10.7712,0.472162192,13.38556206,64,17.55,48.81344567,0.762710089
1993,Grains,Pounds,Corn flour and meal,15.6,0,15.6,12,13.728,0,13.728,20,29.6,10.9824,0.481420274,13.64802406,64,17.55,49.77057206,0.777665188
1994,Grains,Pounds,Corn flour and meal,15.9,0,15.9,12,13.992,0,13.992,20,29.6,11.1936,0.490678356,13.91048606,64,17.55,50.72769845,0.792620288
1995,Grains,Pounds,Corn flour and meal,16.2,0,16.2,12,14.256,0,14.256,20,29.6,11.4048,0.499936438,14.17294806,64,17.55,51.68482483,0.807575388
1996,Grains,Pounds,Corn flour and meal,16.5,0,16.5,12,14.52,0,14.52,20,29.6,11.616,0.509194521,14.43541006,64,17.55,52.64195122,0.822530488
1997,Grains,Pounds,Corn flour and meal,16.8,0,16.8,12,14.784,0,14.784,20,29.6,11.8272,0.518452603,14.69787206,64,17.55,53.5990776,0.837485588
1998,Grains,Pounds,Corn flour and meal,17,0,17,12,14.96,0,14.96,20,29.6,11.968,0.524624658,14.87284673,64,17.55,54.23716186,0.847455654
1999,Grains,Pounds,Corn flour and meal,17.3,0,17.3,12,15.224,0,15.224,20,29.6,12.1792,0.53388274,15.13530873,64,17.55,55.19428825,0.862410754
2000,Grains,Pounds,Corn flour and meal,17.5,0,17.5,12,15.4,0,15.4,20,29.6,12.32,0.540054795,15.3102834,64,17.55,55.8323725,0.87238082
2001,Grains,Pounds,Corn flour and meal,17.8,0,17.8,12,15.664,0,15.664,20,29.6,12.5312,0.549312877,15.5727454,64,17.55,56.78949889,0.88733592
2002,Grains,Pounds,Corn flour and meal,18.1,0,18.1,12,15.928,0,15.928,20,29.6,12.7424,0.558570959,15.8352074,64,17.55,57.74662527,0.90229102
2003,Grains,Pounds,Corn flour and meal,18.3,0,18.3,12,16.104,0,16.104,20,29.6,12.8832,0.564743014,16.01018207,64,17.55,58.38470953,0.912261086
2004,Grains,Pounds,Corn flour and meal,18.6,0,18.6,12,16.368,0,16.368,20,29.6,13.0944,0.574001096,16.27264407,64,17.55,59.34183592,0.927216186
2005,Grains,Pounds,Corn flour and meal,18.8,0,18.8,12,16.544,0,16.544,20,29.6,13.2352,0.580173151,16.44761874,64,17.55,59.97992017,0.937186253
2006,Grains,Pounds,Corn flour and meal,19,0,19,12,16.72,0,16.72,20,29.6,13.376,0.586345205,16.6225934,64,17.55,60.61800443,0.947156319
2007,Grains,Pounds,Corn flour and meal,19.1,0,19.1,12,16.808,0,16.808,20,29.6,13.4464,0.589431233,16.71008074,64,17.55,60.93704656,0.952141353
2008,Grains,Pounds,Corn flour and meal,19.3,0,19.3,12,16.984,0,16.984,20,29.6,13.5872,0.595603288,16.8850554,64,17.55,61.57513082,0.962111419
2009,Grains,Pounds,Corn flour and meal,19.3,0,19.3,12,16.984,0,16.984,20,29.6,13.5872,0.595603288,16.8850554,64,17.55,61.57513082,0.962111419
2010,Grains,Pounds,Corn flour and meal,19.3,0,19.3,12,16.984,0,16.984,20,29.6,13.5872,0.595603288,16.8850554,64,17.55,61.57513082,0.962111419
2011,Grains,Pounds,Corn flour and meal,19.91025228,0,19.91025228,12,17.52102201,0,17.52102201,20,29.6,14.01681761,0.61443584,17.41894886,64,17.55,63.52209269,0.992532698
2012,Grains,Pounds,Corn flour and meal,19.78984772,0,19.78984772,12,17.41506599,0,17.41506599,20,29.6,13.93205279,0.610720122,17.31361011,64,17.55,63.1379514,0.986530491
2013,Grains,Pounds,Corn flour and meal,19.78984772,0,19.78984772,12,17.41506599,0,17.41506599,20,29.6,13.93205279,0.610720122,17.31361011,64,17.55,63.1379514,0.986530491
2014,Grains,Pounds,Corn flour and meal,19.9,0,19.9,12,17.512,0,17.512,20,29.6,14.0096,0.614119452,17.40997941,64,17.55,63.48938359,0.992021619
2015,Grains,Pounds,Corn flour and meal,19.9,0,19.9,12,17.512,0,17.512,20,29.6,14.0096,0.614119452,17.40997941,64,17.55,63.48938359,0.992021619
2016,Grains,Pounds,Corn flour and meal,20,0,20,12,17.6,0,17.6,20,29.6,14.08,0.617205479,17.49746674,64,17.55,63.80842572,0.997006652
2017,Grains,Pounds,Corn flour and meal,21,0,21,12,18.48,0,18.48,20,29.6,14.784,0.648065753,18.37234008,64,17.55,66.998847,1.046856984
1970,Grains,Pounds,Corn hominy and grits,2.2,0,2.2,12,1.936,0,1.936,20,29.6,1.5488,0.067892603,1.924721341,74,20,7.121468963,0.096236067
1971,Grains,Pounds,Corn hominy and grits,1.8,0,1.8,12,1.584,0,1.584,20,29.6,1.2672,0.055548493,1.574772007,74,20,5.826656424,0.0787386
1972,Grains,Pounds,Corn hominy and grits,1.6,0,1.6,12,1.408,0,1.408,20,29.6,1.1264,0.049376438,1.399797339,74,20,5.179250155,0.069989867
1973,Grains,Pounds,Corn hominy and grits,1.9,0,1.9,12,1.672,0,1.672,20,29.6,1.3376,0.058634521,1.66225934,74,20,6.150359559,0.083112967
1974,Grains,Pounds,Corn hominy and grits,2.3,0,2.3,12,2.024,0,2.024,20,29.6,1.6192,0.07097863,2.012208675,74,20,7.445172098,0.100610434
1975,Grains,Pounds,Corn hominy and grits,2.7,0,2.7,12,2.376,0,2.376,20,29.6,1.9008,0.08332274,2.36215801,74,20,8.739984636,0.1181079
1976,Grains,Pounds,Corn hominy and grits,3,0,3,12,2.64,0,2.64,20,29.6,2.112,0.092580822,2.624620011,74,20,9.711094041,0.131231001
1977,Grains,Pounds,Corn hominy and grits,3.3,0,3.3,12,2.904,0,2.904,20,29.6,2.3232,0.101838904,2.887082012,74,20,10.68220344,0.144354101
1978,Grains,Pounds,Corn hominy and grits,3.1,0,3.1,12,2.728,0,2.728,20,29.6,2.1824,0.095666849,2.712107345,74,20,10.03479718,0.135605367
1979,Grains,Pounds,Corn hominy and grits,3,0,3,12,2.64,0,2.64,20,29.6,2.112,0.092580822,2.624620011,74,20,9.711094041,0.131231001
1980,Grains,Pounds,Corn hominy and grits,2.8,0,2.8,12,2.464,0,2.464,20,29.6,1.9712,0.086408767,2.449645344,74,20,9.063687771,0.122482267
1981,Grains,Pounds,Corn hominy and grits,2.7,0,2.7,12,2.376,0,2.376,20,29.6,1.9008,0.08332274,2.36215801,74,20,8.739984636,0.1181079
1982,Grains,Pounds,Corn hominy and grits,2.9,0,2.9,12,2.552,0,2.552,20,29.6,2.0416,0.089494795,2.537132677,74,20,9.387390906,0.126856634
1983,Grains,Pounds,Corn hominy and grits,3,0,3,12,2.64,0,2.64,20,29.6,2.112,0.092580822,2.624620011,74,20,9.711094041,0.131231001
1984,Grains,Pounds,Corn hominy and grits,3.1,0,3.1,12,2.728,0,2.728,20,29.6,2.1824,0.095666849,2.712107345,74,20,10.03479718,0.135605367
1985,Grains,Pounds,Corn hominy and grits,3.2,0,3.2,12,2.816,0,2.816,20,29.6,2.2528,0.098752877,2.799594678,74,20,10.35850031,0.139979734
1986,Grains,Pounds,Corn hominy and grits,3.3,0,3.3,12,2.904,0,2.904,20,29.6,2.3232,0.101838904,2.887082012,74,20,10.68220344,0.144354101
1987,Grains,Pounds,Corn hominy and grits,3.4,0,3.4,12,2.992,0,2.992,20,29.6,2.3936,0.104924932,2.974569346,74,20,11.00590658,0.148728467
1988,Grains,Pounds,Corn hominy and grits,3.3,0,3.3,12,2.904,0,2.904,20,29.6,2.3232,0.101838904,2.887082012,74,20,10.68220344,0.144354101
1989,Grains,Pounds,Corn hominy and grits,3.1,0,3.1,12,2.728,0,2.728,20,29.6,2.1824,0.095666849,2.712107345,74,20,10.03479718,0.135605367
1990,Grains,Pounds,Corn hominy and grits,2.935235383,0,2.935235383,12,2.583007137,0,2.583007137,20,29.6,2.06640571,0.090582168,2.567959174,74,20,9.501448945,0.128397959
1991,Grains,Pounds,Corn hominy and grits,2.782447829,0,2.782447829,12,2.448554089,0,2.448554089,20,29.6,1.958843272,0.085867102,2.434289417,74,20,9.006870843,0.121714471
1992,Grains,Pounds,Corn hominy and grits,2.63114646,0,2.63114646,12,2.315408885,0,2.315408885,20,29.6,1.852327108,0.081197901,2.301919884,74,20,8.517103571,0.115095994
1993,Grains,Pounds,Corn hominy and grits,3.12497072,0,3.12497072,12,2.749974234,0,2.749974234,20,29.6,2.199979387,0.096437453,2.733953562,74,20,10.11562818,0.136697678
1994,Grains,Pounds,Corn hominy and grits,3.610819302,0,3.610819302,12,3.177520985,0,3.177520985,20,29.6,2.542016788,0.111430873,3.159009532,74,20,11.68833527,0.157950477
1995,Grains,Pounds,Corn hominy and grits,4,0,4,12,3.52,0,3.52,20,29.6,2.816,0.123441096,3.499493348,74,20,12.94812539,0.174974667
1996,Grains,Pounds,Corn hominy and grits,4.5,0,4.5,12,3.96,0,3.96,20,29.6,3.168,0.138871233,3.936930016,74,20,14.56664106,0.196846501
1997,Grains,Pounds,Corn hominy and grits,4.9,0,4.9,12,4.312,0,4.312,20,29.6,3.4496,0.151215342,4.286879351,74,20,15.8614536,0.214343968
1998,Grains,Pounds,Corn hominy and grits,5.4,0,5.4,12,4.752,0,4.752,20,29.6,3.8016,0.166645479,4.72431602,74,20,17.47996927,0.236215801
1999,Grains,Pounds,Corn hominy and grits,5.8,0,5.8,12,5.104,0,5.104,20,29.6,4.0832,0.178989589,5.074265355,74,20,18.77478181,0.253713268
2000,Grains,Pounds,Corn hominy and grits,6.2,0,6.2,12,5.456,0,5.456,20,29.6,4.3648,0.191333699,5.424214689,74,20,20.06959435,0.271210734
2001,Grains,Pounds,Corn hominy and grits,6.6,0,6.6,12,5.808,0,5.808,20,29.6,4.6464,0.203677808,5.774164024,74,20,21.36440689,0.288708201
2002,Grains,Pounds,Corn hominy and grits,7,0,7,12,6.16,0,6.16,20,29.6,4.928,0.216021918,6.124113359,74,20,22.65921943,0.306205668
2003,Grains,Pounds,Corn hominy and grits,7.4,0,7.4,12,6.512,0,6.512,20,29.6,5.2096,0.228366027,6.474062694,74,20,23.95403197,0.323703135
2004,Grains,Pounds,Corn hominy and grits,7.8,0,7.8,12,6.864,0,6.864,20,29.6,5.4912,0.240710137,6.824012028,74,20,25.24884451,0.341200601
2005,Grains,Pounds,Corn hominy and grits,8.1,0,8.1,12,7.128,0,7.128,20,29.6,5.7024,0.249968219,7.08647403,74,20,26.21995391,0.354323701
2006,Grains,Pounds,Corn hominy and grits,8.5,0,8.5,12,7.48,0,7.48,20,29.6,5.984,0.262312329,7.436423364,74,20,27.51476645,0.371821168
2007,Grains,Pounds,Corn hominy and grits,8.9,0,8.9,12,7.832,0,7.832,20,29.6,6.2656,0.274656438,7.786372699,74,20,28.80957899,0.389318635
2008,Grains,Pounds,Corn hominy and grits,9.3,0,9.3,12,8.184,0,8.184,20,29.6,6.5472,0.287000548,8.136322034,74,20,30.10439153,0.406816102
2009,Grains,Pounds,Corn hominy and grits,9.3,0,9.3,12,8.184,0,8.184,20,29.6,6.5472,0.287000548,8.136322034,74,20,30.10439153,0.406816102
2010,Grains,Pounds,Corn hominy and grits,9.3,0,9.3,12,8.184,0,8.184,20,29.6,6.5472,0.287000548,8.136322034,74,20,30.10439153,0.406816102
2011,Grains,Pounds,Corn hominy and grits,9.594059391,0,9.594059391,12,8.442772264,0,8.442772264,20,29.6,6.754217811,0.296075301,8.393586755,74,20,31.05627099,0.419679338
2012,Grains,Pounds,Corn hominy and grits,9.536040609,0,9.536040609,12,8.391715736,0,8.391715736,20,29.6,6.713372589,0.294284826,8.342827669,74,20,30.86846238,0.417141383
2013,Grains,Pounds,Corn hominy and grits,9.536040609,0,9.536040609,12,8.391715736,0,8.391715736,20,29.6,6.713372589,0.294284826,8.342827669,74,20,30.86846238,0.417141383
2014,Grains,Pounds,Corn hominy and grits,9.5,0,9.5,12,8.36,0,8.36,20,29.6,6.688,0.293172603,8.311296701,74,20,30.7517978,0.415564835
2015,Grains,Pounds,Corn hominy and grits,9.5,0,9.5,12,8.36,0,8.36,20,29.6,6.688,0.293172603,8.311296701,74,20,30.7517978,0.415564835
2016,Grains,Pounds,Corn hominy and grits,9.5,0,9.5,12,8.36,0,8.36,20,29.6,6.688,0.293172603,8.311296701,74,20,30.7517978,0.415564835
2017,Grains,Pounds,Corn hominy and grits,9.5,0,9.5,12,8.36,0,8.36,20,29.6,6.688,0.293172603,8.311296701,74,20,30.7517978,0.415564835
1970,Grains,Pounds,Corn starch,1.9,0,1.9,12,1.672,0,1.672,20,29.6,1.3376,0.058634521,1.66225934,48,16,4.986778021,0.103891209
1971,Grains,Pounds,Corn starch,1.9,0,1.9,12,1.672,0,1.672,20,29.6,1.3376,0.058634521,1.66225934,48,16,4.986778021,0.103891209
1972,Grains,Pounds,Corn starch,1.9,0,1.9,12,1.672,0,1.672,20,29.6,1.3376,0.058634521,1.66225934,48,16,4.986778021,0.103891209
1973,Grains,Pounds,Corn starch,2,0,2,12,1.76,0,1.76,20,29.6,1.408,0.061720548,1.749746674,48,16,5.249240022,0.109359167
1974,Grains,Pounds,Corn starch,2.1,0,2.1,12,1.848,0,1.848,20,29.6,1.4784,0.064806575,1.837234008,48,16,5.511702023,0.114827125
1975,Grains,Pounds,Corn starch,2.1,0,2.1,12,1.848,0,1.848,20,29.6,1.4784,0.064806575,1.837234008,48,16,5.511702023,0.114827125
1976,Grains,Pounds,Corn starch,2.2,0,2.2,12,1.936,0,1.936,20,29.6,1.5488,0.067892603,1.924721341,48,16,5.774164024,0.120295084
1977,Grains,Pounds,Corn starch,2.3,0,2.3,12,2.024,0,2.024,20,29.6,1.6192,0.07097863,2.012208675,48,16,6.036626025,0.125763042
1978,Grains,Pounds,Corn starch,2.5,0,2.5,12,2.2,0,2.2,20,29.6,1.76,0.077150685,2.187183342,48,16,6.561550027,0.136698959
1979,Grains,Pounds,Corn starch,2.7,0,2.7,12,2.376,0,2.376,20,29.6,1.9008,0.08332274,2.36215801,48,16,7.08647403,0.147634876
1980,Grains,Pounds,Corn starch,2.7,0,2.7,12,2.376,0,2.376,20,29.6,1.9008,0.08332274,2.36215801,48,16,7.08647403,0.147634876
1981,Grains,Pounds,Corn starch,2.9,0,2.9,12,2.552,0,2.552,20,29.6,2.0416,0.089494795,2.537132677,48,16,7.611398032,0.158570792
1982,Grains,Pounds,Corn starch,2.9,0,2.9,12,2.552,0,2.552,20,29.6,2.0416,0.089494795,2.537132677,48,16,7.611398032,0.158570792
1983,Grains,Pounds,Corn starch,3.3,0,3.3,12,2.904,0,2.904,20,29.6,2.3232,0.101838904,2.887082012,48,16,8.661246036,0.180442626
1984,Grains,Pounds,Corn starch,3.5,0,3.5,12,3.08,0,3.08,20,29.6,2.464,0.108010959,3.062056679,48,16,9.186170038,0.191378542
1985,Grains,Pounds,Corn starch,3.7,0,3.7,12,3.256,0,3.256,20,29.6,2.6048,0.114183014,3.237031347,48,16,9.711094041,0.202314459
1986,Grains,Pounds,Corn starch,4.1,0,4.1,12,3.608,0,3.608,20,29.6,2.8864,0.126527123,3.586980682,48,16,10.76094204,0.224186293
1987,Grains,Pounds,Corn starch,4.3,0,4.3,12,3.784,0,3.784,20,29.6,3.0272,0.132699178,3.761955349,48,16,11.28586605,0.235122209
1988,Grains,Pounds,Corn starch,4.1,0,4.1,12,3.608,0,3.608,20,29.6,2.8864,0.126527123,3.586980682,48,16,10.76094204,0.224186293
1989,Grains,Pounds,Corn starch,4.1,0,4.1,12,3.608,0,3.608,20,29.6,2.8864,0.126527123,3.586980682,48,16,10.76094204,0.224186293
1990,Grains,Pounds,Corn starch,4,0,4,12,3.52,0,3.52,20,29.6,2.816,0.123441096,3.499493348,48,16,10.49848004,0.218718334
1991,Grains,Pounds,Corn starch,3.991796923,0,3.991796923,12,3.512781292,0,3.512781292,20,29.6,2.810225034,0.123187947,3.492316694,48,16,10.47695008,0.218269793
1992,Grains,Pounds,Corn starch,4.190620791,0,4.190620791,12,3.687746296,0,3.687746296,20,29.6,2.950197037,0.129323706,3.666262395,48,16,10.99878719,0.2291414
1993,Grains,Pounds,Corn starch,4.38903835,0,4.38903835,12,3.862353748,0,3.862353748,20,29.6,3.089882999,0.135446926,3.839852628,48,16,11.51955788,0.239990789
1994,Grains,Pounds,Corn starch,4.5,0,4.5,12,3.96,0,3.96,20,29.6,3.168,0.138871233,3.936930016,48,16,11.81079005,0.246058126
1995,Grains,Pounds,Corn starch,4.7,0,4.7,12,4.136,0,4.136,20,29.6,3.3088,0.145043288,4.111904684,48,16,12.33571405,0.256994043
1996,Grains,Pounds,Corn starch,4.9,0,4.9,12,4.312,0,4.312,20,29.6,3.4496,0.151215342,4.286879351,48,16,12.86063805,0.267929959
1997,Grains,Pounds,Corn starch,4.8,0,4.8,12,4.224,0,4.224,20,29.6,3.3792,0.148129315,4.199392018,48,16,12.59817605,0.262462001
1998,Grains,Pounds,Corn starch,4.8,0,4.8,12,4.224,0,4.224,20,29.6,3.3792,0.148129315,4.199392018,48,16,12.59817605,0.262462001
1999,Grains,Pounds,Corn starch,4.7,0,4.7,12,4.136,0,4.136,20,29.6,3.3088,0.145043288,4.111904684,48,16,12.33571405,0.256994043
2000,Grains,Pounds,Corn starch,4.7,0,4.7,12,4.136,0,4.136,20,29.6,3.3088,0.145043288,4.111904684,48,16,12.33571405,0.256994043
2001,Grains,Pounds,Corn starch,4.6,0,4.6,12,4.048,0,4.048,20,29.6,3.2384,0.14195726,4.02441735,48,16,12.07325205,0.251526084
2002,Grains,Pounds,Corn starch,4.6,0,4.6,12,4.048,0,4.048,20,29.6,3.2384,0.14195726,4.02441735,48,16,12.07325205,0.251526084
2003,Grains,Pounds,Corn starch,4.6,0,4.6,12,4.048,0,4.048,20,29.6,3.2384,0.14195726,4.02441735,48,16,12.07325205,0.251526084
2004,Grains,Pounds,Corn starch,4.5,0,4.5,12,3.96,0,3.96,20,29.6,3.168,0.138871233,3.936930016,48,16,11.81079005,0.246058126
2005,Grains,Pounds,Corn starch,4.5,0,4.5,12,3.96,0,3.96,20,29.6,3.168,0.138871233,3.936930016,48,16,11.81079005,0.246058126
2006,Grains,Pounds,Corn starch,4.4,0,4.4,12,3.872,0,3.872,20,29.6,3.0976,0.135785205,3.849442683,48,16,11.54832805,0.240590168
2007,Grains,Pounds,Corn starch,4.4,0,4.4,12,3.872,0,3.872,20,29.6,3.0976,0.135785205,3.849442683,48,16,11.54832805,0.240590168
2008,Grains,Pounds,Corn starch,4.4,0,4.4,12,3.872,0,3.872,20,29.6,3.0976,0.135785205,3.849442683,48,16,11.54832805,0.240590168
2009,Grains,Pounds,Corn starch,4.4,0,4.4,12,3.872,0,3.872,20,29.6,3.0976,0.135785205,3.849442683,48,16,11.54832805,0.240590168
2010,Grains,Pounds,Corn starch,4.5,0,4.5,12,3.96,0,3.96,20,29.6,3.168,0.138871233,3.936930016,48,16,11.81079005,0.246058126
2011,Grains,Pounds,Corn starch,4.642286802,0,4.642286802,12,4.085212386,0,4.085212386,20,29.6,3.268169909,0.143262243,4.061412946,48,16,12.18423884,0.253838309
2012,Grains,Pounds,Corn starch,4.614213198,0,4.614213198,12,4.060507614,0,4.060507614,20,29.6,3.248406091,0.142395883,4.036852098,48,16,12.11055629,0.252303256
2013,Grains,Pounds,Corn starch,4.614213198,0,4.614213198,12,4.060507614,0,4.060507614,20,29.6,3.248406091,0.142395883,4.036852098,48,16,12.11055629,0.252303256
2014,Grains,Pounds,Corn starch,4.6,0,4.6,12,4.048,0,4.048,20,29.6,3.2384,0.14195726,4.02441735,48,16,12.07325205,0.251526084
2015,Grains,Pounds,Corn starch,4.6,0,4.6,12,4.048,0,4.048,20,29.6,3.2384,0.14195726,4.02441735,48,16,12.07325205,0.251526084
2016,Grains,Pounds,Corn starch,4.7,0,4.7,12,4.136,0,4.136,20,29.6,3.3088,0.145043288,4.111904684,48,16,12.33571405,0.256994043
2017,Grains,Pounds,Corn starch,4.7,0,4.7,12,4.136,0,4.136,20,29.6,3.3088,0.145043288,4.111904684,48,16,12.33571405,0.256994043
1970,Grains,Pounds,Oat products,4.768235311,0,4.768235311,12,4.196047074,20,3.356837659,14,39.456,2.886880387,0.126548181,3.587577667,107,28.35,13.54041659,0.126545949
1971,Grains,Pounds,Oat products,4.707796925,0,4.707796925,12,4.142861294,20,3.314289035,14,39.456,2.850288571,0.124944157,3.542104365,107,28.35,13.36878896,0.124941953
1972,Grains,Pounds,Oat products,4.755955714,0,4.755955714,12,4.185241029,20,3.348192823,14,39.456,2.879445828,0.126222283,3.578338608,107,28.35,13.50554607,0.126220057
1973,Grains,Pounds,Oat products,4.709339527,0,4.709339527,12,4.144218783,20,3.315375027,14,39.456,2.851222523,0.124985097,3.543265004,107,28.35,13.37316951,0.124982893
1974,Grains,Pounds,Oat products,4.767719272,0,4.767719272,12,4.195592959,20,3.356474367,14,39.456,2.886567956,0.126534486,3.587189404,107,28.35,13.53895119,0.126532254
1975,Grains,Pounds,Oat products,4.421884233,0,4.421884233,12,3.891258125,20,3.1130065,14,39.456,2.67718559,0.117356081,3.326986208,107,28.35,12.55687916,0.117354011
1976,Grains,Pounds,Oat products,4.218613971,0,4.218613971,12,3.712380294,20,2.969904235,14,39.456,2.554117643,0.111961321,3.174047479,107,28.35,11.9796501,0.111959347
1977,Grains,Pounds,Oat products,4.139082668,0,4.139082668,12,3.642392747,20,2.913914198,14,39.456,2.50596621,0.109850574,3.114208836,107,28.35,11.75380407,0.109848636
1978,Grains,Pounds,Oat products,3.998609336,0,3.998609336,12,3.518776216,20,2.815020973,14,39.456,2.420918037,0.106122434,3.008517956,107,28.35,11.35490022,0.106120563
1979,Grains,Pounds,Oat products,3.927009582,0,3.927009582,12,3.455768432,20,2.764614745,14,39.456,2.377568681,0.104222189,2.95464694,107,28.35,11.15157752,0.104220351
1980,Grains,Pounds,Oat products,3.910779816,0,3.910779816,12,3.441486238,20,2.75318899,14,39.456,2.367742531,0.103791453,2.942435809,107,28.35,11.10548965,0.103789623
1981,Grains,Pounds,Oat products,3.887182937,0,3.887182937,12,3.420720984,20,2.736576788,14,39.456,2.353456037,0.103165196,2.924681728,107,28.35,11.0384813,0.103163377
1982,Grains,Pounds,Oat products,3.896572459,0,3.896572459,12,3.428983764,20,2.743187011,14,39.456,2.35914083,0.103414393,2.931746321,107,28.35,11.06514485,0.103412569
1983,Grains,Pounds,Oat products,3.786355337,0,3.786355337,12,3.331992697,20,2.665594157,14,39.456,2.292410975,0.100489248,2.848819943,107,28.35,10.75215993,0.100487476
1984,Grains,Pounds,Oat products,3.762346794,0,3.762346794,12,3.310865178,20,2.648692143,14,39.456,2.277875243,0.099852065,2.830756129,107,28.35,10.68398257,0.099850304
1985,Grains,Pounds,Oat products,4.002223457,0,4.002223457,12,3.521956643,20,2.817565314,14,39.456,2.42310617,0.106218353,3.011237189,107,28.35,11.36516329,0.106216479
1986,Grains,Pounds,Oat products,4.056117978,0,4.056117978,12,3.569383821,20,2.855507056,14,39.456,2.455736069,0.107648704,3.051786945,107,28.35,11.51820822,0.107646806
1987,Grains,Pounds,Oat products,4.448929623,0,4.448929623,12,3.915058068,20,3.132046455,14,39.456,2.693559951,0.118073861,3.347334919,107,28.35,12.63368029,0.118071778
1988,Grains,Pounds,Oat products,6.436238887,0,6.436238887,12,5.663890221,20,4.531112177,14,39.456,3.896756472,0.170816722,4.842568662,107,28.35,18.27706691,0.170813709
1989,Grains,Pounds,Oat products,6.49164988,0,6.49164988,12,5.712651894,20,4.570121515,14,39.456,3.930304503,0.172287321,4.884259398,107,28.35,18.43441819,0.172284282
1990,Grains,Pounds,Oat products,6.541005956,0,6.541005956,12,5.756085241,20,4.604868193,14,39.456,3.960186646,0.173597223,4.921394469,107,28.35,18.57457524,0.173594161
1991,Grains,Pounds,Oat products,6.568607601,0,6.568607601,12,5.780374689,20,4.624299751,14,39.456,3.976897786,0.174329766,4.9421617,107,28.35,18.65295598,0.174326691
1992,Grains,Pounds,Oat products,6.550737812,0,6.550737812,12,5.764649275,20,4.61171942,14,39.456,3.966078701,0.173855505,4.928716631,107,28.35,18.60221092,0.173852438
1993,Grains,Pounds,Oat products,6.095585649,0,6.095585649,12,5.364115371,20,4.291292297,14,39.456,3.690511375,0.161775841,4.586264207,107,28.35,17.30970971,0.161772988
1994,Grains,Pounds,Oat products,5.77277708,0,5.77277708,12,5.08004383,20,4.064035064,14,39.456,3.495070155,0.153208555,4.343385923,107,28.35,16.39302623,0.153205853
1995,Grains,Pounds,Oat products,5.460225472,0,5.460225472,12,4.804998415,20,3.843998732,14,39.456,3.30583891,0.144913486,4.108224884,107,28.35,15.50546958,0.144910931
1996,Grains,Pounds,Oat products,5.074752658,0,5.074752658,12,4.465782339,20,3.572625871,14,39.456,3.072458249,0.134683101,3.818198581,107,28.35,14.41083768,0.134680726
1997,Grains,Pounds,Oat products,4.69634434,0,4.69634434,12,4.132783019,20,3.306226415,14,39.456,2.843354717,0.124640207,3.533487542,107,28.35,13.33626691,0.124638009
1998,Grains,Pounds,Oat products,4.483188045,0,4.483188045,12,3.945205479,20,3.156164384,14,39.456,2.71430137,0.118983074,3.373110649,107,28.35,12.73096436,0.118980975
1999,Grains,Pounds,Oat products,4.416573671,0,4.416573671,12,3.88658483,20,3.109267864,14,39.456,2.673970363,0.117215139,3.322990589,107,28.35,12.5417987,0.117213072
2000,Grains,Pounds,Oat products,4.358806446,0,4.358806446,12,3.835749673,20,3.068599738,14,39.456,2.638995775,0.115682007,3.279527045,107,28.35,12.3777564,0.115679966
2001,Grains,Pounds,Oat products,4.503797512,0,4.503797512,12,3.96334181,20,3.170673448,14,39.456,2.726779165,0.119530046,3.388617028,107,28.35,12.78948931,0.119527937
2002,Grains,Pounds,Oat products,4.53408788,0,4.53408788,12,3.989997335,20,3.191997868,14,39.456,2.745118166,0.120333947,3.411407231,107,28.35,12.87550525,0.120331825
2003,Grains,Pounds,Oat products,4.655468574,0,4.655468574,12,4.096812345,20,3.277449876,14,39.456,2.818606894,0.123555371,3.502732981,107,28.35,13.2201915,0.123553192
2004,Grains,Pounds,Oat products,4.65721345,0,4.65721345,12,4.098347836,20,3.278678269,14,39.456,2.819663311,0.123601679,3.50404581,107,28.35,13.22514644,0.123599499
2005,Grains,Pounds,Oat products,4.605509432,0,4.605509432,12,4.0528483,20,3.24227864,14,39.456,2.78835963,0.122229463,3.465144168,107,28.35,13.07832191,0.122227308
2006,Grains,Pounds,Oat products,4.681445047,0,4.681445047,12,4.119671641,20,3.295737313,14,39.456,2.834334089,0.124244782,3.522277447,107,28.35,13.29395721,0.124242591
2007,Grains,Pounds,Oat products,4.742917613,0,4.742917613,12,4.1737675,20,3.339014,14,39.456,2.87155204,0.125876254,3.568528857,107,28.35,13.46852161,0.125874034
2008,Grains,Pounds,Oat products,4.704216041,0,4.704216041,12,4.139710116,20,3.311768093,14,39.456,2.84812056,0.12484912,3.53941014,107,28.35,13.35862028,0.124846919
2009,Grains,Pounds,Oat products,4.671675831,0,4.671675831,12,4.111074731,20,3.288859785,14,39.456,2.828419415,0.123985509,3.514927176,107,28.35,13.26621544,0.123983322
2010,Grains,Pounds,Oat products,4.701900246,0,4.701900246,12,4.137672217,20,3.310137773,14,39.456,2.846718485,0.12478766,3.537667756,107,28.35,13.35204409,0.124785459
2011,Grains,Pounds,Oat products,4.776774549,0,4.776774549,12,4.203561603,20,3.362849282,14,39.456,2.892050383,0.126774811,3.594002513,107,28.35,13.56466557,0.126772575
2012,Grains,Pounds,Oat products,4.695937972,0,4.695937972,12,4.132425415,20,3.305940332,14,39.456,2.843108686,0.124629422,3.533181794,107,28.35,13.33511294,0.124627224
2013,Grains,Pounds,Oat products,4.531871553,0,4.531871553,12,3.988046967,20,3.190437574,14,39.456,2.743776313,0.120275126,3.409739686,107,28.35,12.86921151,0.120273005
2014,Grains,Pounds,Oat products,4.513556419,0,4.513556419,12,3.971929649,20,3.177543719,14,39.456,2.732687599,0.119789045,3.395959543,107,28.35,12.8172018,0.119786933
2015,Grains,Pounds,Oat products,4.588678719,0,4.588678719,12,4.038037272,20,3.230429818,14,39.456,2.778169643,0.121782779,3.45248089,107,28.35,13.03052752,0.121780631
2016,Grains,Pounds,Oat products,4.624055851,0,4.624055851,12,4.069169149,20,3.255335319,14,39.456,2.799588375,0.122721682,3.479098329,107,28.35,13.1309884,0.122719518
2017,Grains,Pounds,Oat products,4.792145289,0,4.792145289,12,4.217087855,20,3.373670284,14,39.456,2.901356444,0.127182748,3.605567321,107,28.35,13.60831405,0.127180505
1970,Grains,Pounds,Barley products,1.04,0,1.04,12,0.91,20,0.73,14,39.46,0.63,0.03,0.78,100,28.35,2.76,0.03
1971,Grains,Pounds,Barley products,0.83,0,0.83,12,0.73,20,0.59,14,39.46,0.51,0.02,0.63,100,28.35,2.22,0.02
1972,Grains,Pounds,Barley products,0.81,0,0.81,12,0.71,20,0.57,14,39.46,0.49,0.02,0.61,100,28.35,2.15,0.02
1973,Grains,Pounds,Barley products,0.83,0,0.83,12,0.73,20,0.59,14,39.46,0.5,0.02,0.63,100,28.35,2.21,0.02
1974,Grains,Pounds,Barley products,0.85,0,0.85,12,0.75,20,0.6,14,39.46,0.52,0.02,0.64,100,28.35,2.26,0.02
1975,Grains,Pounds,Barley products,0.91,0,0.91,12,0.8,20,0.64,14,39.46,0.55,0.02,0.69,100,28.35,2.43,0.02
1976,Grains,Pounds,Barley products,0.95,0,0.95,12,0.83,20,0.67,14,39.46,0.57,0.03,0.71,100,28.35,2.51,0.03
1977,Grains,Pounds,Barley products,0.95,0,0.95,12,0.84,20,0.67,14,39.46,0.58,0.03,0.72,100,28.35,2.53,0.03
1978,Grains,Pounds,Barley products,1.01,0,1.01,12,0.89,20,0.71,14,39.46,0.61,0.03,0.76,100,28.35,2.68,0.03
1979,Grains,Pounds,Barley products,1.01,0,1.01,12,0.89,20,0.71,14,39.46,0.61,0.03,0.76,100,28.35,2.69,0.03
1980,Grains,Pounds,Barley products,1,0,1,12,0.88,20,0.71,14,39.46,0.61,0.03,0.75,100,28.35,2.66,0.03
1981,Grains,Pounds,Barley products,1,0,1,12,0.88,20,0.71,14,39.46,0.61,0.03,0.76,100,28.35,2.66,0.03
1982,Grains,Pounds,Barley products,0.99,0,0.99,12,0.87,20,0.7,14,39.46,0.6,0.03,0.75,100,28.35,2.64,0.03
1983,Grains,Pounds,Barley products,1,0,1,12,0.88,20,0.7,14,39.46,0.6,0.03,0.75,100,28.35,2.65,0.03
1984,Grains,Pounds,Barley products,0.99,0,0.99,12,0.87,20,0.7,14,39.46,0.6,0.03,0.74,100,28.35,2.63,0.03
1985,Grains,Pounds,Barley products,0.99,0,0.99,12,0.87,20,0.7,14,39.46,0.6,0.03,0.75,100,28.35,2.64,0.03
1986,Grains,Pounds,Barley products,0.98,0,0.98,12,0.87,20,0.69,14,39.46,0.6,0.03,0.74,100,28.35,2.61,0.03
1987,Grains,Pounds,Barley products,0.93,0,0.93,12,0.81,20,0.65,14,39.46,0.56,0.02,0.7,100,28.35,2.46,0.02
1988,Grains,Pounds,Barley products,0.88,0,0.88,12,0.77,20,0.62,14,39.46,0.53,0.02,0.66,100,28.35,2.34,0.02
1989,Grains,Pounds,Barley products,0.82,0,0.82,12,0.72,20,0.58,14,39.46,0.5,0.02,0.62,100,28.35,2.18,0.02
1990,Grains,Pounds,Barley products,0.78,0,0.78,12,0.68,20,0.55,14,39.46,0.47,0.02,0.59,100,28.35,2.07,0.02
1991,Grains,Pounds,Barley products,0.72,0,0.72,12,0.63,20,0.51,14,39.46,0.44,0.02,0.54,100,28.35,1.91,0.02
1992,Grains,Pounds,Barley products,0.72,0,0.72,12,0.64,20,0.51,14,39.46,0.44,0.02,0.54,100,28.35,1.92,0.02
1993,Grains,Pounds,Barley products,0.72,0,0.72,12,0.64,20,0.51,14,39.46,0.44,0.02,0.55,100,28.35,1.92,0.02
1994,Grains,Pounds,Barley products,0.73,0,0.73,12,0.64,20,0.51,14,39.46,0.44,0.02,0.55,100,28.35,1.93,0.02
1995,Grains,Pounds,Barley products,0.73,0,0.73,12,0.64,20,0.51,14,39.46,0.44,0.02,0.55,100,28.35,1.94,0.02
1996,Grains,Pounds,Barley products,0.73,0,0.73,12,0.65,20,0.52,14,39.46,0.44,0.02,0.55,100,28.35,1.95,0.02
1997,Grains,Pounds,Barley products,0.71,0,0.71,12,0.63,20,0.5,14,39.46,0.43,0.02,0.54,100,28.35,1.89,0.02
1998,Grains,Pounds,Barley products,0.7,0,0.7,12,0.62,20,0.5,14,39.46,0.43,0.02,0.53,100,28.35,1.87,0.02
1999,Grains,Pounds,Barley products,0.7,0,0.7,12,0.61,20,0.49,14,39.46,0.42,0.02,0.52,100,28.35,1.85,0.02
2000,Grains,Pounds,Barley products,0.69,0,0.69,12,0.61,20,0.48,14,39.46,0.42,0.02,0.52,100,28.35,1.83,0.02
2001,Grains,Pounds,Barley products,0.67,0,0.67,12,0.59,20,0.47,14,39.46,0.41,0.02,0.5,100,28.35,1.78,0.02
2002,Grains,Pounds,Barley products,0.67,0,0.67,12,0.59,20,0.48,14,39.46,0.41,0.02,0.51,100,28.35,1.79,0.02
2003,Grains,Pounds,Barley products,0.68,0,0.68,12,0.6,20,0.48,14,39.46,0.41,0.02,0.51,100,28.35,1.8,0.02
2004,Grains,Pounds,Barley products,0.68,0,0.68,12,0.6,20,0.48,14,39.46,0.41,0.02,0.51,100,28.35,1.81,0.02
2005,Grains,Pounds,Barley products,0.69,0,0.69,12,0.6,20,0.48,14,39.46,0.42,0.02,0.52,100,28.35,1.82,0.02
2006,Grains,Pounds,Barley products,0.67,0,0.67,12,0.59,20,0.47,14,39.46,0.4,0.02,0.5,100,28.35,1.77,0.02
2007,Grains,Pounds,Barley products,0.67,0,0.67,12,0.59,20,0.47,14,39.46,0.41,0.02,0.51,100,28.35,1.79,0.02
2008,Grains,Pounds,Barley products,0.68,0,0.68,12,0.6,20,0.48,14,39.46,0.41,0.02,0.51,100,28.35,1.8,0.02
2009,Grains,Pounds,Barley products,0.68,0,0.68,12,0.6,20,0.48,14,39.46,0.41,0.02,0.51,100,28.35,1.81,0.02
2010,Grains,Pounds,Barley products,0.67,0,0.67,12,0.59,20,0.47,14,39.46,0.4,0.02,0.5,100,28.35,1.77,0.02
2011,Grains,Pounds,Barley products,0.66,0,0.66,12,0.58,20,0.47,14,39.46,0.4,0.02,0.5,100,28.35,1.75,0.02
2012,Grains,Pounds,Barley products,0.62,0,0.62,12,0.55,20,0.44,14,39.46,0.38,0.02,0.47,100,28.35,1.66,0.02
2013,Grains,Pounds,Barley products,0.72,0,0.72,12,0.63,20,0.5,14,39.46,0.43,0.02,0.54,100,28.35,1.9,0.02
2014,Grains,Pounds,Barley products,0.73,0,0.73,12,0.64,20,0.51,14,39.46,0.44,0.02,0.55,100,28.35,1.94,0.02
2015,Grains,Pounds,Barley products,0.76,0,0.76,12,0.67,20,0.53,14,39.46,0.46,0.02,0.57,100,28.35,2.01,0.02
2016,Grains,Pounds,Barley products,0.84,0,0.84,12,0.74,20,0.59,14,39.46,0.51,0.02,0.64,100,28.35,2.24,0.02
2017,Grains,Pounds,Barley products,0.89,0,0.89,12,0.78,20,0.62,14,39.46,0.54,0.02,0.67,100,28.35,2.35,0.02
